Series Name,Series Code,Country Name,Country Code,1960 [YR1960],1961 [YR1961],1962 [YR1962],1963 [YR1963],1964 [YR1964],1965 [YR1965],1966 [YR1966],1967 [YR1967],1968 [YR1968],1969 [YR1969],1970 [YR1970],1971 [YR1971],1972 [YR1972],1973 [YR1973],1974 [YR1974],1975 [YR1975],1976 [YR1976],1977 [YR1977],1978 [YR1978],1979 [YR1979],1980 [YR1980],1981 [YR1981],1982 [YR1982],1983 [YR1983],1984 [YR1984],1985 [YR1985],1986 [YR1986],1987 [YR1987],1988 [YR1988],1989 [YR1989],1990 [YR1990],1991 [YR1991],1992 [YR1992],1993 [YR1993],1994 [YR1994],1995 [YR1995],1996 [YR1996],1997 [YR1997],1998 [YR1998],1999 [YR1999],2000 [YR2000],2001 [YR2001],2002 [YR2002],2003 [YR2003],2004 [YR2004],2005 [YR2005],2006 [YR2006],2007 [YR2007],2008 [YR2008],2009 [YR2009],2010 [YR2010],2011 [YR2011],2012 [YR2012],2013 [YR2013],2014 [YR2014],2015 [YR2015],2016 [YR2016],2017 [YR2017],2018 [YR2018],2019 [YR2019],2020 [YR2020],2021 [YR2021]
CPIA gender equality rating (1=low to 6=high),IQ.CPA.GNDR.XQ,Afghanistan,AFG,..,..,..,..,..,..,..,..,..,..,..,..,..,..,..,..,..,..,..,..,..,..,..,..,..,..,..,..,..,..,..,..,..,..,..,..,..,..,..,..,..,..,..,..,..,..,2,2,2,2,2,2,2,1.5,1.5,1.5,1.5,1.5,1.5,1.5,1.5,..
CPIA gender equality rating (1=low to 6=high),IQ.CPA.GNDR.XQ,Albania,ALB,..,..,..,..,..,..,..,..,..,..,..,..,..,..,..,..,..,..,..,..,..,..,..,..,..,..,..,..,..,..,..,..,..,..,..,..,..,..,..,..,..,..,..,..,..,4,4,..,..,..,..,..,..,..,..,..,..,..,..,..,..,..
CPIA gender equality rating (1=low to 6=high),IQ.CPA.GNDR.XQ,Algeria,DZA,..,..,..,..,..,..,..,..,..,..,..,..,..,..,..,..,..,..,..,..,..,..,..,..,..,..,..,..,..,..,..,..,..,..,..,..,..,..,..,..,..,..,..,..,..,..,..,..,..,..,..,..,..,..,..,..,..,..,..,..,..,..
CPIA gender equality rating (1=low to 6=high),IQ.CPA.GNDR.XQ,American Samoa,ASM,..,..,..,..,..,..,..,..,..,..,..,..,..,..,..,..,..,..,..,..,..,..,..,..,..,..,..,..,..,..,..,..,..,..,..,..,..,..,..,..,..,..,..,..,..,..,..,..,..,..,..,..,..,..,..,..,..,..,..,..,..,..
CPIA gender equality rating (1=low to 6=high),IQ.CPA.GNDR.XQ,Andorra,AND,..,..,..,..,..,..,..,..,..,..,..,..,..,..,..,..,..,..,..,..,..,..,..,..,..,..,..,..,..,..,..,..,..,..,..,..,..,..,..,..,..,..,..,..,..,..,..,..,..,..,..,..,..,..,..,..,..,..,..,..,..,..
CPIA gender equality rating (1=low to 6=high),IQ.CPA.GNDR.XQ,Angola,AGO,..,..,..,..,..,..,..,..,..,..,..,..,..,..,..,..,..,..,..,..,..,..,..,..,..,..,..,..,..,..,..,..,..,..,..,..,..,..,..,..,..,..,..,..,..,3,3,3,3,3.5,3.5,3.5,3,3,..,..,..,..,..,..,..,..
CPIA gender equality rating (1=low to 6=high),IQ.CPA.GNDR.XQ,Antigua and Barbuda,ATG,..,..,..,..,..,..,..,..,..,..,..,..,..,..,..,..,..,..,..,..,..,..,..,..,..,..,..,..,..,..,..,..,..,..,..,..,..,..,..,..,..,..,..,..,..,..,..,..,..,..,..,..,..,..,..,..,..,..,..,..,..,..
CPIA gender equality rating (1=low to 6=high),IQ.CPA.GNDR.XQ,Argentina,ARG,..,..,..,..,..,..,..,..,..,..,..,..,..,..,..,..,..,..,..,..,..,..,..,..,..,..,..,..,..,..,..,..,..,..,..,..,..,..,..,..,..,..,..,..,..,..,..,..,..,..,..,..,..,..,..,..,..,..,..,..,..,..
CPIA gender equality rating (1=low to 6=high),IQ.CPA.GNDR.XQ,Armenia,ARM,..,..,..,..,..,..,..,..,..,..,..,..,..,..,..,..,..,..,..,..,..,..,..,..,..,..,..,..,..,..,..,..,..,..,..,..,..,..,..,..,..,..,..,..,..,4.5,4.5,4.5,4.5,4.5,4.5,4,4.5,4.5,..,..,..,..,..,..,..,..
CPIA gender equality rating (1=low to 6=high),IQ.CPA.GNDR.XQ,Aruba,ABW,..,..,..,..,..,..,..,..,..,..,..,..,..,..,..,..,..,..,..,..,..,..,..,..,..,..,..,..,..,..,..,..,..,..,..,..,..,..,..,..,..,..,..,..,..,..,..,..,..,..,..,..,..,..,..,..,..,..,..,..,..,..
CPIA gender equality rating (1=low to 6=high),IQ.CPA.GNDR.XQ,Australia,AUS,..,..,..,..,..,..,..,..,..,..,..,..,..,..,..,..,..,..,..,..,..,..,..,..,..,..,..,..,..,..,..,..,..,..,..,..,..,..,..,..,..,..,..,..,..,..,..,..,..,..,..,..,..,..,..,..,..,..,..,..,..,..
CPIA gender equality rating (1=low to 6=high),IQ.CPA.GNDR.XQ,Austria,AUT,..,..,..,..,..,..,..,..,..,..,..,..,..,..,..,..,..,..,..,..,..,..,..,..,..,..,..,..,..,..,..,..,..,..,..,..,..,..,..,..,..,..,..,..,..,..,..,..,..,..,..,..,..,..,..,..,..,..,..,..,..,..
CPIA gender equality rating (1=low to 6=high),IQ.CPA.GNDR.XQ,Azerbaijan,AZE,..,..,..,..,..,..,..,..,..,..,..,..,..,..,..,..,..,..,..,..,..,..,..,..,..,..,..,..,..,..,..,..,..,..,..,..,..,..,..,..,..,..,..,..,..,4,4,4,4,4,4,..,..,..,..,..,..,..,..,..,..,..
CPIA gender equality rating (1=low to 6=high),IQ.CPA.GNDR.XQ,"Bahamas, The",BHS,..,..,..,..,..,..,..,..,..,..,..,..,..,..,..,..,..,..,..,..,..,..,..,..,..,..,..,..,..,..,..,..,..,..,..,..,..,..,..,..,..,..,..,..,..,..,..,..,..,..,..,..,..,..,..,..,..,..,..,..,..,..
CPIA gender equality rating (1=low to 6=high),IQ.CPA.GNDR.XQ,Bahrain,BHR,..,..,..,..,..,..,..,..,..,..,..,..,..,..,..,..,..,..,..,..,..,..,..,..,..,..,..,..,..,..,..,..,..,..,..,..,..,..,..,..,..,..,..,..,..,..,..,..,..,..,..,..,..,..,..,..,..,..,..,..,..,..
CPIA gender equality rating (1=low to 6=high),IQ.CPA.GNDR.XQ,Bangladesh,BGD,..,..,..,..,..,..,..,..,..,..,..,..,..,..,..,..,..,..,..,..,..,..,..,..,..,..,..,..,..,..,..,..,..,..,..,..,..,..,..,..,..,..,..,..,..,4,4,4,4,4,4,3.5,3.5,3.5,3.5,3.5,3.5,3,3,3,3,..
CPIA gender equality rating (1=low to 6=high),IQ.CPA.GNDR.XQ,Barbados,BRB,..,..,..,..,..,..,..,..,..,..,..,..,..,..,..,..,..,..,..,..,..,..,..,..,..,..,..,..,..,..,..,..,..,..,..,..,..,..,..,..,..,..,..,..,..,..,..,..,..,..,..,..,..,..,..,..,..,..,..,..,..,..
CPIA gender equality rating (1=low to 6=high),IQ.CPA.GNDR.XQ,Belarus,BLR,..,..,..,..,..,..,..,..,..,..,..,..,..,..,..,..,..,..,..,..,..,..,..,..,..,..,..,..,..,..,..,..,..,..,..,..,..,..,..,..,..,..,..,..,..,..,..,..,..,..,..,..,..,..,..,..,..,..,..,..,..,..
CPIA gender equality rating (1=low to 6=high),IQ.CPA.GNDR.XQ,Belgium,BEL,..,..,..,..,..,..,..,..,..,..,..,..,..,..,..,..,..,..,..,..,..,..,..,..,..,..,..,..,..,..,..,..,..,..,..,..,..,..,..,..,..,..,..,..,..,..,..,..,..,..,..,..,..,..,..,..,..,..,..,..,..,..
CPIA gender equality rating (1=low to 6=high),IQ.CPA.GNDR.XQ,Belize,BLZ,..,..,..,..,..,..,..,..,..,..,..,..,..,..,..,..,..,..,..,..,..,..,..,..,..,..,..,..,..,..,..,..,..,..,..,..,..,..,..,..,..,..,..,..,..,..,..,..,..,..,..,..,..,..,..,..,..,..,..,..,..,..
CPIA gender equality rating (1=low to 6=high),IQ.CPA.GNDR.XQ,Benin,BEN,..,..,..,..,..,..,..,..,..,..,..,..,..,..,..,..,..,..,..,..,..,..,..,..,..,..,..,..,..,..,..,..,..,..,..,..,..,..,..,..,..,..,..,..,..,3,3,3.5,3.5,3.5,3.5,3.5,3.5,3.5,3.5,3.5,3.5,3.5,3.5,3.5,3.5,..
CPIA gender equality rating (1=low to 6=high),IQ.CPA.GNDR.XQ,Bermuda,BMU,..,..,..,..,..,..,..,..,..,..,..,..,..,..,..,..,..,..,..,..,..,..,..,..,..,..,..,..,..,..,..,..,..,..,..,..,..,..,..,..,..,..,..,..,..,..,..,..,..,..,..,..,..,..,..,..,..,..,..,..,..,..
CPIA gender equality rating (1=low to 6=high),IQ.CPA.GNDR.XQ,Bhutan,BTN,..,..,..,..,..,..,..,..,..,..,..,..,..,..,..,..,..,..,..,..,..,..,..,..,..,..,..,..,..,..,..,..,..,..,..,..,..,..,..,..,..,..,..,..,..,4.5,4,4,4,4,4,4,4,4,4,4,4,4,4,4,4,..
CPIA gender equality rating (1=low to 6=high),IQ.CPA.GNDR.XQ,Bolivia,BOL,..,..,..,..,..,..,..,..,..,..,..,..,..,..,..,..,..,..,..,..,..,..,..,..,..,..,..,..,..,..,..,..,..,..,..,..,..,..,..,..,..,..,..,..,..,3.5,4,4,4,4,4,4,4,4,4,4,..,..,..,..,..,..
CPIA gender equality rating (1=low to 6=high),IQ.CPA.GNDR.XQ,Bosnia and Herzegovina,BIH,..,..,..,..,..,..,..,..,..,..,..,..,..,..,..,..,..,..,..,..,..,..,..,..,..,..,..,..,..,..,..,..,..,..,..,..,..,..,..,..,..,..,..,..,..,4,4.5,4.5,4.5,4.5,4.5,4,4,4,..,..,..,..,..,..,..,..
CPIA gender equality rating (1=low to 6=high),IQ.CPA.GNDR.XQ,Botswana,BWA,..,..,..,..,..,..,..,..,..,..,..,..,..,..,..,..,..,..,..,..,..,..,..,..,..,..,..,..,..,..,..,..,..,..,..,..,..,..,..,..,..,..,..,..,..,..,..,..,..,..,..,..,..,..,..,..,..,..,..,..,..,..
CPIA gender equality rating (1=low to 6=high),IQ.CPA.GNDR.XQ,Brazil,BRA,..,..,..,..,..,..,..,..,..,..,..,..,..,..,..,..,..,..,..,..,..,..,..,..,..,..,..,..,..,..,..,..,..,..,..,..,..,..,..,..,..,..,..,..,..,..,..,..,..,..,..,..,..,..,..,..,..,..,..,..,..,..
CPIA gender equality rating (1=low to 6=high),IQ.CPA.GNDR.XQ,British Virgin Islands,VGB,..,..,..,..,..,..,..,..,..,..,..,..,..,..,..,..,..,..,..,..,..,..,..,..,..,..,..,..,..,..,..,..,..,..,..,..,..,..,..,..,..,..,..,..,..,..,..,..,..,..,..,..,..,..,..,..,..,..,..,..,..,..
CPIA gender equality rating (1=low to 6=high),IQ.CPA.GNDR.XQ,Brunei Darussalam,BRN,..,..,..,..,..,..,..,..,..,..,..,..,..,..,..,..,..,..,..,..,..,..,..,..,..,..,..,..,..,..,..,..,..,..,..,..,..,..,..,..,..,..,..,..,..,..,..,..,..,..,..,..,..,..,..,..,..,..,..,..,..,..
CPIA gender equality rating (1=low to 6=high),IQ.CPA.GNDR.XQ,Bulgaria,BGR,..,..,..,..,..,..,..,..,..,..,..,..,..,..,..,..,..,..,..,..,..,..,..,..,..,..,..,..,..,..,..,..,..,..,..,..,..,..,..,..,..,..,..,..,..,..,..,..,..,..,..,..,..,..,..,..,..,..,..,..,..,..
CPIA gender equality rating (1=low to 6=high),IQ.CPA.GNDR.XQ,Burkina Faso,BFA,..,..,..,..,..,..,..,..,..,..,..,..,..,..,..,..,..,..,..,..,..,..,..,..,..,..,..,..,..,..,..,..,..,..,..,..,..,..,..,..,..,..,..,..,..,3.5,3.5,3.5,3.5,3.5,3.5,3.5,3.5,3.5,3.5,3.5,3.5,3.5,3.5,3.5,3.5,..
CPIA gender equality rating (1=low to 6=high),IQ.CPA.GNDR.XQ,Burundi,BDI,..,..,..,..,..,..,..,..,..,..,..,..,..,..,..,..,..,..,..,..,..,..,..,..,..,..,..,..,..,..,..,..,..,..,..,..,..,..,..,..,..,..,..,..,..,3.5,3.5,4,4,4,4,4,4,4,4,4,4,4,4,4,4,..
CPIA gender equality rating (1=low to 6=high),IQ.CPA.GNDR.XQ,Cabo Verde,CPV,..,..,..,..,..,..,..,..,..,..,..,..,..,..,..,..,..,..,..,..,..,..,..,..,..,..,..,..,..,..,..,..,..,..,..,..,..,..,..,..,..,..,..,..,..,4.5,4.5,4.5,4.5,4.5,4.5,4.5,4.5,4.5,4.5,4,4,4,4,4,4,..
CPIA gender equality rating (1=low to 6=high),IQ.CPA.GNDR.XQ,Cambodia,KHM,..,..,..,..,..,..,..,..,..,..,..,..,..,..,..,..,..,..,..,..,..,..,..,..,..,..,..,..,..,..,..,..,..,..,..,..,..,..,..,..,..,..,..,..,..,3.5,4,4,4,4,4,4,4,4,4,4,4,4,4,4,4,..
CPIA gender equality rating (1=low to 6=high),IQ.CPA.GNDR.XQ,Cameroon,CMR,..,..,..,..,..,..,..,..,..,..,..,..,..,..,..,..,..,..,..,..,..,..,..,..,..,..,..,..,..,..,..,..,..,..,..,..,..,..,..,..,..,..,..,..,..,3.5,3.5,3,3,3,3,3,3,3,3,3,3,3,3,3,3,..
CPIA gender equality rating (1=low to 6=high),IQ.CPA.GNDR.XQ,Canada,CAN,..,..,..,..,..,..,..,..,..,..,..,..,..,..,..,..,..,..,..,..,..,..,..,..,..,..,..,..,..,..,..,..,..,..,..,..,..,..,..,..,..,..,..,..,..,..,..,..,..,..,..,..,..,..,..,..,..,..,..,..,..,..
CPIA gender equality rating (1=low to 6=high),IQ.CPA.GNDR.XQ,Cayman Islands,CYM,..,..,..,..,..,..,..,..,..,..,..,..,..,..,..,..,..,..,..,..,..,..,..,..,..,..,..,..,..,..,..,..,..,..,..,..,..,..,..,..,..,..,..,..,..,..,..,..,..,..,..,..,..,..,..,..,..,..,..,..,..,..
CPIA gender equality rating (1=low to 6=high),IQ.CPA.GNDR.XQ,Central African Republic,CAF,..,..,..,..,..,..,..,..,..,..,..,..,..,..,..,..,..,..,..,..,..,..,..,..,..,..,..,..,..,..,..,..,..,..,..,..,..,..,..,..,..,..,..,..,..,2.5,2.5,2.5,2.5,2.5,2.5,2.5,2.5,2.5,2.5,2.5,2.5,2.5,2.5,2.5,2.5,..
CPIA gender equality rating (1=low to 6=high),IQ.CPA.GNDR.XQ,Chad,TCD,..,..,..,..,..,..,..,..,..,..,..,..,..,..,..,..,..,..,..,..,..,..,..,..,..,..,..,..,..,..,..,..,..,..,..,..,..,..,..,..,..,..,..,..,..,2.5,2.5,2.5,2.5,2.5,2.5,2.5,2.5,2.5,2.5,2.5,2.5,2.5,2.5,2.5,2.5,..
CPIA gender equality rating (1=low to 6=high),IQ.CPA.GNDR.XQ,Channel Islands,CHI,..,..,..,..,..,..,..,..,..,..,..,..,..,..,..,..,..,..,..,..,..,..,..,..,..,..,..,..,..,..,..,..,..,..,..,..,..,..,..,..,..,..,..,..,..,..,..,..,..,..,..,..,..,..,..,..,..,..,..,..,..,..
CPIA gender equality rating (1=low to 6=high),IQ.CPA.GNDR.XQ,Chile,CHL,..,..,..,..,..,..,..,..,..,..,..,..,..,..,..,..,..,..,..,..,..,..,..,..,..,..,..,..,..,..,..,..,..,..,..,..,..,..,..,..,..,..,..,..,..,..,..,..,..,..,..,..,..,..,..,..,..,..,..,..,..,..
CPIA gender equality rating (1=low to 6=high),IQ.CPA.GNDR.XQ,China,CHN,..,..,..,..,..,..,..,..,..,..,..,..,..,..,..,..,..,..,..,..,..,..,..,..,..,..,..,..,..,..,..,..,..,..,..,..,..,..,..,..,..,..,..,..,..,..,..,..,..,..,..,..,..,..,..,..,..,..,..,..,..,..
CPIA gender equality rating (1=low to 6=high),IQ.CPA.GNDR.XQ,Colombia,COL,..,..,..,..,..,..,..,..,..,..,..,..,..,..,..,..,..,..,..,..,..,..,..,..,..,..,..,..,..,..,..,..,..,..,..,..,..,..,..,..,..,..,..,..,..,..,..,..,..,..,..,..,..,..,..,..,..,..,..,..,..,..
CPIA gender equality rating (1=low to 6=high),IQ.CPA.GNDR.XQ,Comoros,COM,..,..,..,..,..,..,..,..,..,..,..,..,..,..,..,..,..,..,..,..,..,..,..,..,..,..,..,..,..,..,..,..,..,..,..,..,..,..,..,..,..,..,..,..,..,3,3,3,3,3,3,2.5,2.5,2.5,2.5,3,3,3,3,3,3,..
CPIA gender equality rating (1=low to 6=high),IQ.CPA.GNDR.XQ,"Congo, Dem. Rep.",COD,..,..,..,..,..,..,..,..,..,..,..,..,..,..,..,..,..,..,..,..,..,..,..,..,..,..,..,..,..,..,..,..,..,..,..,..,..,..,..,..,..,..,..,..,..,3,3,3,3,2.5,2.5,2.5,2.5,2.5,2.5,2.5,2.5,2.5,3,3,3,..
CPIA gender equality rating (1=low to 6=high),IQ.CPA.GNDR.XQ,"Congo, Rep.",COG,..,..,..,..,..,..,..,..,..,..,..,..,..,..,..,..,..,..,..,..,..,..,..,..,..,..,..,..,..,..,..,..,..,..,..,..,..,..,..,..,..,..,..,..,..,3,3,3,3,3,3,3,3,3,3,3,3,3,3,3,3,..
CPIA gender equality rating (1=low to 6=high),IQ.CPA.GNDR.XQ,Costa Rica,CRI,..,..,..,..,..,..,..,..,..,..,..,..,..,..,..,..,..,..,..,..,..,..,..,..,..,..,..,..,..,..,..,..,..,..,..,..,..,..,..,..,..,..,..,..,..,..,..,..,..,..,..,..,..,..,..,..,..,..,..,..,..,..
CPIA gender equality rating (1=low to 6=high),IQ.CPA.GNDR.XQ,Cote d'Ivoire,CIV,..,..,..,..,..,..,..,..,..,..,..,..,..,..,..,..,..,..,..,..,..,..,..,..,..,..,..,..,..,..,..,..,..,..,..,..,..,..,..,..,..,..,..,..,..,2.5,2.5,2.5,2.5,2.5,2.5,2.5,2.5,3,3,3,3,3,3,3,3,..
CPIA gender equality rating (1=low to 6=high),IQ.CPA.GNDR.XQ,Croatia,HRV,..,..,..,..,..,..,..,..,..,..,..,..,..,..,..,..,..,..,..,..,..,..,..,..,..,..,..,..,..,..,..,..,..,..,..,..,..,..,..,..,..,..,..,..,..,..,..,..,..,..,..,..,..,..,..,..,..,..,..,..,..,..
CPIA gender equality rating (1=low to 6=high),IQ.CPA.GNDR.XQ,Cuba,CUB,..,..,..,..,..,..,..,..,..,..,..,..,..,..,..,..,..,..,..,..,..,..,..,..,..,..,..,..,..,..,..,..,..,..,..,..,..,..,..,..,..,..,..,..,..,..,..,..,..,..,..,..,..,..,..,..,..,..,..,..,..,..
CPIA gender equality rating (1=low to 6=high),IQ.CPA.GNDR.XQ,Curacao,CUW,..,..,..,..,..,..,..,..,..,..,..,..,..,..,..,..,..,..,..,..,..,..,..,..,..,..,..,..,..,..,..,..,..,..,..,..,..,..,..,..,..,..,..,..,..,..,..,..,..,..,..,..,..,..,..,..,..,..,..,..,..,..
CPIA gender equality rating (1=low to 6=high),IQ.CPA.GNDR.XQ,Cyprus,CYP,..,..,..,..,..,..,..,..,..,..,..,..,..,..,..,..,..,..,..,..,..,..,..,..,..,..,..,..,..,..,..,..,..,..,..,..,..,..,..,..,..,..,..,..,..,..,..,..,..,..,..,..,..,..,..,..,..,..,..,..,..,..
CPIA gender equality rating (1=low to 6=high),IQ.CPA.GNDR.XQ,Czech Republic,CZE,..,..,..,..,..,..,..,..,..,..,..,..,..,..,..,..,..,..,..,..,..,..,..,..,..,..,..,..,..,..,..,..,..,..,..,..,..,..,..,..,..,..,..,..,..,..,..,..,..,..,..,..,..,..,..,..,..,..,..,..,..,..
CPIA gender equality rating (1=low to 6=high),IQ.CPA.GNDR.XQ,Denmark,DNK,..,..,..,..,..,..,..,..,..,..,..,..,..,..,..,..,..,..,..,..,..,..,..,..,..,..,..,..,..,..,..,..,..,..,..,..,..,..,..,..,..,..,..,..,..,..,..,..,..,..,..,..,..,..,..,..,..,..,..,..,..,..
CPIA gender equality rating (1=low to 6=high),IQ.CPA.GNDR.XQ,Djibouti,DJI,..,..,..,..,..,..,..,..,..,..,..,..,..,..,..,..,..,..,..,..,..,..,..,..,..,..,..,..,..,..,..,..,..,..,..,..,..,..,..,..,..,..,..,..,..,3,3,2.5,2.5,3,3,3,3,3,3,3,3,3,3,3,3.5,..
CPIA gender equality rating (1=low to 6=high),IQ.CPA.GNDR.XQ,Dominica,DMA,..,..,..,..,..,..,..,..,..,..,..,..,..,..,..,..,..,..,..,..,..,..,..,..,..,..,..,..,..,..,..,..,..,..,..,..,..,..,..,..,..,..,..,..,..,4.5,4,3.5,3.5,3.5,3,3.5,3,3,3,3,3,3,3,3,3,..
CPIA gender equality rating (1=low to 6=high),IQ.CPA.GNDR.XQ,Dominican Republic,DOM,..,..,..,..,..,..,..,..,..,..,..,..,..,..,..,..,..,..,..,..,..,..,..,..,..,..,..,..,..,..,..,..,..,..,..,..,..,..,..,..,..,..,..,..,..,..,..,..,..,..,..,..,..,..,..,..,..,..,..,..,..,..
CPIA gender equality rating (1=low to 6=high),IQ.CPA.GNDR.XQ,Ecuador,ECU,..,..,..,..,..,..,..,..,..,..,..,..,..,..,..,..,..,..,..,..,..,..,..,..,..,..,..,..,..,..,..,..,..,..,..,..,..,..,..,..,..,..,..,..,..,..,..,..,..,..,..,..,..,..,..,..,..,..,..,..,..,..
CPIA gender equality rating (1=low to 6=high),IQ.CPA.GNDR.XQ,"Egypt, Arab Rep.",EGY,..,..,..,..,..,..,..,..,..,..,..,..,..,..,..,..,..,..,..,..,..,..,..,..,..,..,..,..,..,..,..,..,..,..,..,..,..,..,..,..,..,..,..,..,..,..,..,..,..,..,..,..,..,..,..,..,..,..,..,..,..,..
CPIA gender equality rating (1=low to 6=high),IQ.CPA.GNDR.XQ,El Salvador,SLV,..,..,..,..,..,..,..,..,..,..,..,..,..,..,..,..,..,..,..,..,..,..,..,..,..,..,..,..,..,..,..,..,..,..,..,..,..,..,..,..,..,..,..,..,..,..,..,..,..,..,..,..,..,..,..,..,..,..,..,..,..,..
CPIA gender equality rating (1=low to 6=high),IQ.CPA.GNDR.XQ,Equatorial Guinea,GNQ,..,..,..,..,..,..,..,..,..,..,..,..,..,..,..,..,..,..,..,..,..,..,..,..,..,..,..,..,..,..,..,..,..,..,..,..,..,..,..,..,..,..,..,..,..,..,..,..,..,..,..,..,..,..,..,..,..,..,..,..,..,..
CPIA gender equality rating (1=low to 6=high),IQ.CPA.GNDR.XQ,Eritrea,ERI,..,..,..,..,..,..,..,..,..,..,..,..,..,..,..,..,..,..,..,..,..,..,..,..,..,..,..,..,..,..,..,..,..,..,..,..,..,..,..,..,..,..,..,..,..,3.5,3.5,3.5,3.5,3.5,3.5,3.5,3.5,3.5,3.5,3,2.5,2.5,3,3,3,..
CPIA gender equality rating (1=low to 6=high),IQ.CPA.GNDR.XQ,Estonia,EST,..,..,..,..,..,..,..,..,..,..,..,..,..,..,..,..,..,..,..,..,..,..,..,..,..,..,..,..,..,..,..,..,..,..,..,..,..,..,..,..,..,..,..,..,..,..,..,..,..,..,..,..,..,..,..,..,..,..,..,..,..,..
CPIA gender equality rating (1=low to 6=high),IQ.CPA.GNDR.XQ,Eswatini,SWZ,..,..,..,..,..,..,..,..,..,..,..,..,..,..,..,..,..,..,..,..,..,..,..,..,..,..,..,..,..,..,..,..,..,..,..,..,..,..,..,..,..,..,..,..,..,..,..,..,..,..,..,..,..,..,..,..,..,..,..,..,..,..
CPIA gender equality rating (1=low to 6=high),IQ.CPA.GNDR.XQ,Ethiopia,ETH,..,..,..,..,..,..,..,..,..,..,..,..,..,..,..,..,..,..,..,..,..,..,..,..,..,..,..,..,..,..,..,..,..,..,..,..,..,..,..,..,..,..,..,..,..,3,3,3,3,3,3,3,3,3,3,3,3,3,3.5,3.5,3.5,..
CPIA gender equality rating (1=low to 6=high),IQ.CPA.GNDR.XQ,Faroe Islands,FRO,..,..,..,..,..,..,..,..,..,..,..,..,..,..,..,..,..,..,..,..,..,..,..,..,..,..,..,..,..,..,..,..,..,..,..,..,..,..,..,..,..,..,..,..,..,..,..,..,..,..,..,..,..,..,..,..,..,..,..,..,..,..
CPIA gender equality rating (1=low to 6=high),IQ.CPA.GNDR.XQ,Fiji,FJI,..,..,..,..,..,..,..,..,..,..,..,..,..,..,..,..,..,..,..,..,..,..,..,..,..,..,..,..,..,..,..,..,..,..,..,..,..,..,..,..,..,..,..,..,..,..,..,..,..,..,..,..,..,..,..,..,..,..,..,..,4,..
CPIA gender equality rating (1=low to 6=high),IQ.CPA.GNDR.XQ,Finland,FIN,..,..,..,..,..,..,..,..,..,..,..,..,..,..,..,..,..,..,..,..,..,..,..,..,..,..,..,..,..,..,..,..,..,..,..,..,..,..,..,..,..,..,..,..,..,..,..,..,..,..,..,..,..,..,..,..,..,..,..,..,..,..
CPIA gender equality rating (1=low to 6=high),IQ.CPA.GNDR.XQ,France,FRA,..,..,..,..,..,..,..,..,..,..,..,..,..,..,..,..,..,..,..,..,..,..,..,..,..,..,..,..,..,..,..,..,..,..,..,..,..,..,..,..,..,..,..,..,..,..,..,..,..,..,..,..,..,..,..,..,..,..,..,..,..,..
CPIA gender equality rating (1=low to 6=high),IQ.CPA.GNDR.XQ,French Polynesia,PYF,..,..,..,..,..,..,..,..,..,..,..,..,..,..,..,..,..,..,..,..,..,..,..,..,..,..,..,..,..,..,..,..,..,..,..,..,..,..,..,..,..,..,..,..,..,..,..,..,..,..,..,..,..,..,..,..,..,..,..,..,..,..
CPIA gender equality rating (1=low to 6=high),IQ.CPA.GNDR.XQ,Gabon,GAB,..,..,..,..,..,..,..,..,..,..,..,..,..,..,..,..,..,..,..,..,..,..,..,..,..,..,..,..,..,..,..,..,..,..,..,..,..,..,..,..,..,..,..,..,..,..,..,..,..,..,..,..,..,..,..,..,..,..,..,..,..,..
CPIA gender equality rating (1=low to 6=high),IQ.CPA.GNDR.XQ,"Gambia, The",GMB,..,..,..,..,..,..,..,..,..,..,..,..,..,..,..,..,..,..,..,..,..,..,..,..,..,..,..,..,..,..,..,..,..,..,..,..,..,..,..,..,..,..,..,..,..,3.5,3.5,3.5,3.5,3.5,3.5,3.5,3.5,3.5,3.5,3.5,3.5,3.5,3.5,3.5,3.5,..
CPIA gender equality rating (1=low to 6=high),IQ.CPA.GNDR.XQ,Georgia,GEO,..,..,..,..,..,..,..,..,..,..,..,..,..,..,..,..,..,..,..,..,..,..,..,..,..,..,..,..,..,..,..,..,..,..,..,..,..,..,..,..,..,..,..,..,..,4.5,4.5,4.5,4.5,4.5,4.5,4.5,4.5,4.5,..,..,..,..,..,..,..,..
CPIA gender equality rating (1=low to 6=high),IQ.CPA.GNDR.XQ,Germany,DEU,..,..,..,..,..,..,..,..,..,..,..,..,..,..,..,..,..,..,..,..,..,..,..,..,..,..,..,..,..,..,..,..,..,..,..,..,..,..,..,..,..,..,..,..,..,..,..,..,..,..,..,..,..,..,..,..,..,..,..,..,..,..
CPIA gender equality rating (1=low to 6=high),IQ.CPA.GNDR.XQ,Ghana,GHA,..,..,..,..,..,..,..,..,..,..,..,..,..,..,..,..,..,..,..,..,..,..,..,..,..,..,..,..,..,..,..,..,..,..,..,..,..,..,..,..,..,..,..,..,..,4,4,4,4,4,4,4,4,4,4,4,4,4,4,4,4,..
CPIA gender equality rating (1=low to 6=high),IQ.CPA.GNDR.XQ,Gibraltar,GIB,..,..,..,..,..,..,..,..,..,..,..,..,..,..,..,..,..,..,..,..,..,..,..,..,..,..,..,..,..,..,..,..,..,..,..,..,..,..,..,..,..,..,..,..,..,..,..,..,..,..,..,..,..,..,..,..,..,..,..,..,..,..
CPIA gender equality rating (1=low to 6=high),IQ.CPA.GNDR.XQ,Greece,GRC,..,..,..,..,..,..,..,..,..,..,..,..,..,..,..,..,..,..,..,..,..,..,..,..,..,..,..,..,..,..,..,..,..,..,..,..,..,..,..,..,..,..,..,..,..,..,..,..,..,..,..,..,..,..,..,..,..,..,..,..,..,..
CPIA gender equality rating (1=low to 6=high),IQ.CPA.GNDR.XQ,Greenland,GRL,..,..,..,..,..,..,..,..,..,..,..,..,..,..,..,..,..,..,..,..,..,..,..,..,..,..,..,..,..,..,..,..,..,..,..,..,..,..,..,..,..,..,..,..,..,..,..,..,..,..,..,..,..,..,..,..,..,..,..,..,..,..
CPIA gender equality rating (1=low to 6=high),IQ.CPA.GNDR.XQ,Grenada,GRD,..,..,..,..,..,..,..,..,..,..,..,..,..,..,..,..,..,..,..,..,..,..,..,..,..,..,..,..,..,..,..,..,..,..,..,..,..,..,..,..,..,..,..,..,..,4.5,5,5,5,4.5,4.5,4,4,4,3.5,3.5,3.5,3.5,3.5,3.5,3.5,..
CPIA gender equality rating (1=low to 6=high),IQ.CPA.GNDR.XQ,Guam,GUM,..,..,..,..,..,..,..,..,..,..,..,..,..,..,..,..,..,..,..,..,..,..,..,..,..,..,..,..,..,..,..,..,..,..,..,..,..,..,..,..,..,..,..,..,..,..,..,..,..,..,..,..,..,..,..,..,..,..,..,..,..,..
CPIA gender equality rating (1=low to 6=high),IQ.CPA.GNDR.XQ,Guatemala,GTM,..,..,..,..,..,..,..,..,..,..,..,..,..,..,..,..,..,..,..,..,..,..,..,..,..,..,..,..,..,..,..,..,..,..,..,..,..,..,..,..,..,..,..,..,..,..,..,..,..,..,..,..,..,..,..,..,..,..,..,..,..,..
CPIA gender equality rating (1=low to 6=high),IQ.CPA.GNDR.XQ,Guinea,GIN,..,..,..,..,..,..,..,..,..,..,..,..,..,..,..,..,..,..,..,..,..,..,..,..,..,..,..,..,..,..,..,..,..,..,..,..,..,..,..,..,..,..,..,..,..,4,3.5,3.5,3.5,3.5,3.5,3,3,3,3,3,3,3,3,3,3,..
CPIA gender equality rating (1=low to 6=high),IQ.CPA.GNDR.XQ,Guinea-Bissau,GNB,..,..,..,..,..,..,..,..,..,..,..,..,..,..,..,..,..,..,..,..,..,..,..,..,..,..,..,..,..,..,..,..,..,..,..,..,..,..,..,..,..,..,..,..,..,3,2.5,2.5,2.5,2.5,2.5,2.5,2.5,2.5,2.5,2,2,2,2,2,2,..
CPIA gender equality rating (1=low to 6=high),IQ.CPA.GNDR.XQ,Guyana,GUY,..,..,..,..,..,..,..,..,..,..,..,..,..,..,..,..,..,..,..,..,..,..,..,..,..,..,..,..,..,..,..,..,..,..,..,..,..,..,..,..,..,..,..,..,..,3.5,4,4,4,4,3.5,3.5,3.5,3.5,3.5,3.5,3,3,3,3,3,..
CPIA gender equality rating (1=low to 6=high),IQ.CPA.GNDR.XQ,Haiti,HTI,..,..,..,..,..,..,..,..,..,..,..,..,..,..,..,..,..,..,..,..,..,..,..,..,..,..,..,..,..,..,..,..,..,..,..,..,..,..,..,..,..,..,..,..,..,3,3,3,3,3,3,3,3,3,3,3,2.5,2.5,2.5,2.5,2.5,..
CPIA gender equality rating (1=low to 6=high),IQ.CPA.GNDR.XQ,Honduras,HND,..,..,..,..,..,..,..,..,..,..,..,..,..,..,..,..,..,..,..,..,..,..,..,..,..,..,..,..,..,..,..,..,..,..,..,..,..,..,..,..,..,..,..,..,..,4,4,4,4,4,4,4,4,3.5,3.5,3.5,3.5,3.5,3.5,3.5,3.5,..
CPIA gender equality rating (1=low to 6=high),IQ.CPA.GNDR.XQ,"Hong Kong SAR, China",HKG,..,..,..,..,..,..,..,..,..,..,..,..,..,..,..,..,..,..,..,..,..,..,..,..,..,..,..,..,..,..,..,..,..,..,..,..,..,..,..,..,..,..,..,..,..,..,..,..,..,..,..,..,..,..,..,..,..,..,..,..,..,..
CPIA gender equality rating (1=low to 6=high),IQ.CPA.GNDR.XQ,Hungary,HUN,..,..,..,..,..,..,..,..,..,..,..,..,..,..,..,..,..,..,..,..,..,..,..,..,..,..,..,..,..,..,..,..,..,..,..,..,..,..,..,..,..,..,..,..,..,..,..,..,..,..,..,..,..,..,..,..,..,..,..,..,..,..
CPIA gender equality rating (1=low to 6=high),IQ.CPA.GNDR.XQ,Iceland,ISL,..,..,..,..,..,..,..,..,..,..,..,..,..,..,..,..,..,..,..,..,..,..,..,..,..,..,..,..,..,..,..,..,..,..,..,..,..,..,..,..,..,..,..,..,..,..,..,..,..,..,..,..,..,..,..,..,..,..,..,..,..,..
CPIA gender equality rating (1=low to 6=high),IQ.CPA.GNDR.XQ,India,IND,..,..,..,..,..,..,..,..,..,..,..,..,..,..,..,..,..,..,..,..,..,..,..,..,..,..,..,..,..,..,..,..,..,..,..,..,..,..,..,..,..,..,..,..,..,3.5,3.5,3.5,3.5,3.5,3.5,3,3,3,..,..,..,..,..,..,..,..
CPIA gender equality rating (1=low to 6=high),IQ.CPA.GNDR.XQ,Indonesia,IDN,..,..,..,..,..,..,..,..,..,..,..,..,..,..,..,..,..,..,..,..,..,..,..,..,..,..,..,..,..,..,..,..,..,..,..,..,..,..,..,..,..,..,..,..,..,3.5,3.5,..,..,..,..,..,..,..,..,..,..,..,..,..,..,..
CPIA gender equality rating (1=low to 6=high),IQ.CPA.GNDR.XQ,"Iran, Islamic Rep.",IRN,..,..,..,..,..,..,..,..,..,..,..,..,..,..,..,..,..,..,..,..,..,..,..,..,..,..,..,..,..,..,..,..,..,..,..,..,..,..,..,..,..,..,..,..,..,..,..,..,..,..,..,..,..,..,..,..,..,..,..,..,..,..
CPIA gender equality rating (1=low to 6=high),IQ.CPA.GNDR.XQ,Iraq,IRQ,..,..,..,..,..,..,..,..,..,..,..,..,..,..,..,..,..,..,..,..,..,..,..,..,..,..,..,..,..,..,..,..,..,..,..,..,..,..,..,..,..,..,..,..,..,..,..,..,..,..,..,..,..,..,..,..,..,..,..,..,..,..
CPIA gender equality rating (1=low to 6=high),IQ.CPA.GNDR.XQ,Ireland,IRL,..,..,..,..,..,..,..,..,..,..,..,..,..,..,..,..,..,..,..,..,..,..,..,..,..,..,..,..,..,..,..,..,..,..,..,..,..,..,..,..,..,..,..,..,..,..,..,..,..,..,..,..,..,..,..,..,..,..,..,..,..,..
CPIA gender equality rating (1=low to 6=high),IQ.CPA.GNDR.XQ,Isle of Man,IMN,..,..,..,..,..,..,..,..,..,..,..,..,..,..,..,..,..,..,..,..,..,..,..,..,..,..,..,..,..,..,..,..,..,..,..,..,..,..,..,..,..,..,..,..,..,..,..,..,..,..,..,..,..,..,..,..,..,..,..,..,..,..
CPIA gender equality rating (1=low to 6=high),IQ.CPA.GNDR.XQ,Israel,ISR,..,..,..,..,..,..,..,..,..,..,..,..,..,..,..,..,..,..,..,..,..,..,..,..,..,..,..,..,..,..,..,..,..,..,..,..,..,..,..,..,..,..,..,..,..,..,..,..,..,..,..,..,..,..,..,..,..,..,..,..,..,..
CPIA gender equality rating (1=low to 6=high),IQ.CPA.GNDR.XQ,Italy,ITA,..,..,..,..,..,..,..,..,..,..,..,..,..,..,..,..,..,..,..,..,..,..,..,..,..,..,..,..,..,..,..,..,..,..,..,..,..,..,..,..,..,..,..,..,..,..,..,..,..,..,..,..,..,..,..,..,..,..,..,..,..,..
CPIA gender equality rating (1=low to 6=high),IQ.CPA.GNDR.XQ,Jamaica,JAM,..,..,..,..,..,..,..,..,..,..,..,..,..,..,..,..,..,..,..,..,..,..,..,..,..,..,..,..,..,..,..,..,..,..,..,..,..,..,..,..,..,..,..,..,..,..,..,..,..,..,..,..,..,..,..,..,..,..,..,..,..,..
CPIA gender equality rating (1=low to 6=high),IQ.CPA.GNDR.XQ,Japan,JPN,..,..,..,..,..,..,..,..,..,..,..,..,..,..,..,..,..,..,..,..,..,..,..,..,..,..,..,..,..,..,..,..,..,..,..,..,..,..,..,..,..,..,..,..,..,..,..,..,..,..,..,..,..,..,..,..,..,..,..,..,..,..
CPIA gender equality rating (1=low to 6=high),IQ.CPA.GNDR.XQ,Jordan,JOR,..,..,..,..,..,..,..,..,..,..,..,..,..,..,..,..,..,..,..,..,..,..,..,..,..,..,..,..,..,..,..,..,..,..,..,..,..,..,..,..,..,..,..,..,..,..,..,..,..,..,..,..,..,..,..,..,..,..,..,..,..,..
CPIA gender equality rating (1=low to 6=high),IQ.CPA.GNDR.XQ,Kazakhstan,KAZ,..,..,..,..,..,..,..,..,..,..,..,..,..,..,..,..,..,..,..,..,..,..,..,..,..,..,..,..,..,..,..,..,..,..,..,..,..,..,..,..,..,..,..,..,..,..,..,..,..,..,..,..,..,..,..,..,..,..,..,..,..,..
CPIA gender equality rating (1=low to 6=high),IQ.CPA.GNDR.XQ,Kenya,KEN,..,..,..,..,..,..,..,..,..,..,..,..,..,..,..,..,..,..,..,..,..,..,..,..,..,..,..,..,..,..,..,..,..,..,..,..,..,..,..,..,..,..,..,..,..,3,3,3,3,3,3.5,3.5,3.5,3.5,3.5,3.5,3.5,3.5,3.5,3.5,3.5,..
CPIA gender equality rating (1=low to 6=high),IQ.CPA.GNDR.XQ,Kiribati,KIR,..,..,..,..,..,..,..,..,..,..,..,..,..,..,..,..,..,..,..,..,..,..,..,..,..,..,..,..,..,..,..,..,..,..,..,..,..,..,..,..,..,..,..,..,..,3,3,3,2.5,2.5,2.5,2.5,2.5,2.5,2.5,2.5,2.5,2.5,2.5,3,3.5,..
CPIA gender equality rating (1=low to 6=high),IQ.CPA.GNDR.XQ,"Korea, Dem. People's Rep.",PRK,..,..,..,..,..,..,..,..,..,..,..,..,..,..,..,..,..,..,..,..,..,..,..,..,..,..,..,..,..,..,..,..,..,..,..,..,..,..,..,..,..,..,..,..,..,..,..,..,..,..,..,..,..,..,..,..,..,..,..,..,..,..
CPIA gender equality rating (1=low to 6=high),IQ.CPA.GNDR.XQ,"Korea, Rep.",KOR,..,..,..,..,..,..,..,..,..,..,..,..,..,..,..,..,..,..,..,..,..,..,..,..,..,..,..,..,..,..,..,..,..,..,..,..,..,..,..,..,..,..,..,..,..,..,..,..,..,..,..,..,..,..,..,..,..,..,..,..,..,..
CPIA gender equality rating (1=low to 6=high),IQ.CPA.GNDR.XQ,Kosovo,XKX,..,..,..,..,..,..,..,..,..,..,..,..,..,..,..,..,..,..,..,..,..,..,..,..,..,..,..,..,..,..,..,..,..,..,..,..,..,..,..,..,..,..,..,..,..,..,..,..,..,3.5,3.5,3.5,3.5,3.5,3.5,3.5,3.5,3.5,3.5,3.5,3.5,..
CPIA gender equality rating (1=low to 6=high),IQ.CPA.GNDR.XQ,Kuwait,KWT,..,..,..,..,..,..,..,..,..,..,..,..,..,..,..,..,..,..,..,..,..,..,..,..,..,..,..,..,..,..,..,..,..,..,..,..,..,..,..,..,..,..,..,..,..,..,..,..,..,..,..,..,..,..,..,..,..,..,..,..,..,..
CPIA gender equality rating (1=low to 6=high),IQ.CPA.GNDR.XQ,Kyrgyz Republic,KGZ,..,..,..,..,..,..,..,..,..,..,..,..,..,..,..,..,..,..,..,..,..,..,..,..,..,..,..,..,..,..,..,..,..,..,..,..,..,..,..,..,..,..,..,..,..,4,4.5,4.5,4.5,4.5,4.5,4.5,4.5,4.5,4,4.5,4.5,4.5,4.5,4.5,4.5,..
CPIA gender equality rating (1=low to 6=high),IQ.CPA.GNDR.XQ,Lao PDR,LAO,..,..,..,..,..,..,..,..,..,..,..,..,..,..,..,..,..,..,..,..,..,..,..,..,..,..,..,..,..,..,..,..,..,..,..,..,..,..,..,..,..,..,..,..,..,3.5,3.5,3.5,3.5,3.5,3.5,3.5,3.5,4,4,4,4,4,4,4,4,..
CPIA gender equality rating (1=low to 6=high),IQ.CPA.GNDR.XQ,Latvia,LVA,..,..,..,..,..,..,..,..,..,..,..,..,..,..,..,..,..,..,..,..,..,..,..,..,..,..,..,..,..,..,..,..,..,..,..,..,..,..,..,..,..,..,..,..,..,..,..,..,..,..,..,..,..,..,..,..,..,..,..,..,..,..
CPIA gender equality rating (1=low to 6=high),IQ.CPA.GNDR.XQ,Lebanon,LBN,..,..,..,..,..,..,..,..,..,..,..,..,..,..,..,..,..,..,..,..,..,..,..,..,..,..,..,..,..,..,..,..,..,..,..,..,..,..,..,..,..,..,..,..,..,..,..,..,..,..,..,..,..,..,..,..,..,..,..,..,..,..
CPIA gender equality rating (1=low to 6=high),IQ.CPA.GNDR.XQ,Lesotho,LSO,..,..,..,..,..,..,..,..,..,..,..,..,..,..,..,..,..,..,..,..,..,..,..,..,..,..,..,..,..,..,..,..,..,..,..,..,..,..,..,..,..,..,..,..,..,4,4,4,4,4,4,4,4,4,4,4,4,4,4,4,4,..
CPIA gender equality rating (1=low to 6=high),IQ.CPA.GNDR.XQ,Liberia,LBR,..,..,..,..,..,..,..,..,..,..,..,..,..,..,..,..,..,..,..,..,..,..,..,..,..,..,..,..,..,..,..,..,..,..,..,..,..,..,..,..,..,..,..,..,..,..,..,..,..,2.5,2.5,3,3,3,3,3,3,3,3,3,3,..
CPIA gender equality rating (1=low to 6=high),IQ.CPA.GNDR.XQ,Libya,LBY,..,..,..,..,..,..,..,..,..,..,..,..,..,..,..,..,..,..,..,..,..,..,..,..,..,..,..,..,..,..,..,..,..,..,..,..,..,..,..,..,..,..,..,..,..,..,..,..,..,..,..,..,..,..,..,..,..,..,..,..,..,..
CPIA gender equality rating (1=low to 6=high),IQ.CPA.GNDR.XQ,Liechtenstein,LIE,..,..,..,..,..,..,..,..,..,..,..,..,..,..,..,..,..,..,..,..,..,..,..,..,..,..,..,..,..,..,..,..,..,..,..,..,..,..,..,..,..,..,..,..,..,..,..,..,..,..,..,..,..,..,..,..,..,..,..,..,..,..
CPIA gender equality rating (1=low to 6=high),IQ.CPA.GNDR.XQ,Lithuania,LTU,..,..,..,..,..,..,..,..,..,..,..,..,..,..,..,..,..,..,..,..,..,..,..,..,..,..,..,..,..,..,..,..,..,..,..,..,..,..,..,..,..,..,..,..,..,..,..,..,..,..,..,..,..,..,..,..,..,..,..,..,..,..
CPIA gender equality rating (1=low to 6=high),IQ.CPA.GNDR.XQ,Luxembourg,LUX,..,..,..,..,..,..,..,..,..,..,..,..,..,..,..,..,..,..,..,..,..,..,..,..,..,..,..,..,..,..,..,..,..,..,..,..,..,..,..,..,..,..,..,..,..,..,..,..,..,..,..,..,..,..,..,..,..,..,..,..,..,..
CPIA gender equality rating (1=low to 6=high),IQ.CPA.GNDR.XQ,"Macao SAR, China",MAC,..,..,..,..,..,..,..,..,..,..,..,..,..,..,..,..,..,..,..,..,..,..,..,..,..,..,..,..,..,..,..,..,..,..,..,..,..,..,..,..,..,..,..,..,..,..,..,..,..,..,..,..,..,..,..,..,..,..,..,..,..,..
CPIA gender equality rating (1=low to 6=high),IQ.CPA.GNDR.XQ,Madagascar,MDG,..,..,..,..,..,..,..,..,..,..,..,..,..,..,..,..,..,..,..,..,..,..,..,..,..,..,..,..,..,..,..,..,..,..,..,..,..,..,..,..,..,..,..,..,..,3.5,3.5,3.5,3.5,3.5,3.5,3.5,3.5,3.5,3.5,4,4,4,4,4,4,..
CPIA gender equality rating (1=low to 6=high),IQ.CPA.GNDR.XQ,Malawi,MWI,..,..,..,..,..,..,..,..,..,..,..,..,..,..,..,..,..,..,..,..,..,..,..,..,..,..,..,..,..,..,..,..,..,..,..,..,..,..,..,..,..,..,..,..,..,3.5,3.5,3.5,3.5,3.5,3.5,3.5,3.5,3.5,3.5,3.5,3.5,3.5,3.5,3.5,3.5,..
CPIA gender equality rating (1=low to 6=high),IQ.CPA.GNDR.XQ,Malaysia,MYS,..,..,..,..,..,..,..,..,..,..,..,..,..,..,..,..,..,..,..,..,..,..,..,..,..,..,..,..,..,..,..,..,..,..,..,..,..,..,..,..,..,..,..,..,..,..,..,..,..,..,..,..,..,..,..,..,..,..,..,..,..,..
CPIA gender equality rating (1=low to 6=high),IQ.CPA.GNDR.XQ,Maldives,MDV,..,..,..,..,..,..,..,..,..,..,..,..,..,..,..,..,..,..,..,..,..,..,..,..,..,..,..,..,..,..,..,..,..,..,..,..,..,..,..,..,..,..,..,..,..,4,4,4,4,4,4,4,4.5,4.5,4,4,3.5,3.5,3.5,3.5,3.5,..
CPIA gender equality rating (1=low to 6=high),IQ.CPA.GNDR.XQ,Mali,MLI,..,..,..,..,..,..,..,..,..,..,..,..,..,..,..,..,..,..,..,..,..,..,..,..,..,..,..,..,..,..,..,..,..,..,..,..,..,..,..,..,..,..,..,..,..,3.5,3.5,3.5,3.5,3.5,3.5,3.5,3,3,3,2.5,2.5,2.5,2.5,2.5,3,..
CPIA gender equality rating (1=low to 6=high),IQ.CPA.GNDR.XQ,Malta,MLT,..,..,..,..,..,..,..,..,..,..,..,..,..,..,..,..,..,..,..,..,..,..,..,..,..,..,..,..,..,..,..,..,..,..,..,..,..,..,..,..,..,..,..,..,..,..,..,..,..,..,..,..,..,..,..,..,..,..,..,..,..,..
CPIA gender equality rating (1=low to 6=high),IQ.CPA.GNDR.XQ,Marshall Islands,MHL,..,..,..,..,..,..,..,..,..,..,..,..,..,..,..,..,..,..,..,..,..,..,..,..,..,..,..,..,..,..,..,..,..,..,..,..,..,..,..,..,..,..,..,..,..,..,..,..,..,..,..,3,3,3,3,3,3,3,3,3,3,..
CPIA gender equality rating (1=low to 6=high),IQ.CPA.GNDR.XQ,Mauritania,MRT,..,..,..,..,..,..,..,..,..,..,..,..,..,..,..,..,..,..,..,..,..,..,..,..,..,..,..,..,..,..,..,..,..,..,..,..,..,..,..,..,..,..,..,..,..,3.5,3.5,4,4,4,4,4,4,4,4,3.5,3.5,3.5,3.5,3.5,3.5,..
CPIA gender equality rating (1=low to 6=high),IQ.CPA.GNDR.XQ,Mauritius,MUS,..,..,..,..,..,..,..,..,..,..,..,..,..,..,..,..,..,..,..,..,..,..,..,..,..,..,..,..,..,..,..,..,..,..,..,..,..,..,..,..,..,..,..,..,..,..,..,..,..,..,..,..,..,..,..,..,..,..,..,..,..,..
CPIA gender equality rating (1=low to 6=high),IQ.CPA.GNDR.XQ,Mexico,MEX,..,..,..,..,..,..,..,..,..,..,..,..,..,..,..,..,..,..,..,..,..,..,..,..,..,..,..,..,..,..,..,..,..,..,..,..,..,..,..,..,..,..,..,..,..,..,..,..,..,..,..,..,..,..,..,..,..,..,..,..,..,..
CPIA gender equality rating (1=low to 6=high),IQ.CPA.GNDR.XQ,"Micronesia, Fed. Sts.",FSM,..,..,..,..,..,..,..,..,..,..,..,..,..,..,..,..,..,..,..,..,..,..,..,..,..,..,..,..,..,..,..,..,..,..,..,..,..,..,..,..,..,..,..,..,..,..,..,..,..,..,..,2.5,2.5,2.5,2.5,2.5,2.5,2.5,2.5,3,3,..
CPIA gender equality rating (1=low to 6=high),IQ.CPA.GNDR.XQ,Moldova,MDA,..,..,..,..,..,..,..,..,..,..,..,..,..,..,..,..,..,..,..,..,..,..,..,..,..,..,..,..,..,..,..,..,..,..,..,..,..,..,..,..,..,..,..,..,..,4.5,5,5,5,5,5,5,5,4.5,4.5,4.5,4.5,4.5,4.5,4.5,..,..
CPIA gender equality rating (1=low to 6=high),IQ.CPA.GNDR.XQ,Monaco,MCO,..,..,..,..,..,..,..,..,..,..,..,..,..,..,..,..,..,..,..,..,..,..,..,..,..,..,..,..,..,..,..,..,..,..,..,..,..,..,..,..,..,..,..,..,..,..,..,..,..,..,..,..,..,..,..,..,..,..,..,..,..,..
CPIA gender equality rating (1=low to 6=high),IQ.CPA.GNDR.XQ,Mongolia,MNG,..,..,..,..,..,..,..,..,..,..,..,..,..,..,..,..,..,..,..,..,..,..,..,..,..,..,..,..,..,..,..,..,..,..,..,..,..,..,..,..,..,..,..,..,..,3.5,3.5,3.5,3.5,3.5,3.5,4,4,4,4,4,4,4,4,4,..,..
CPIA gender equality rating (1=low to 6=high),IQ.CPA.GNDR.XQ,Montenegro,MNE,..,..,..,..,..,..,..,..,..,..,..,..,..,..,..,..,..,..,..,..,..,..,..,..,..,..,..,..,..,..,..,..,..,..,..,..,..,..,..,..,..,..,..,..,..,..,..,..,..,..,..,..,..,..,..,..,..,..,..,..,..,..
CPIA gender equality rating (1=low to 6=high),IQ.CPA.GNDR.XQ,Morocco,MAR,..,..,..,..,..,..,..,..,..,..,..,..,..,..,..,..,..,..,..,..,..,..,..,..,..,..,..,..,..,..,..,..,..,..,..,..,..,..,..,..,..,..,..,..,..,..,..,..,..,..,..,..,..,..,..,..,..,..,..,..,..,..
CPIA gender equality rating (1=low to 6=high),IQ.CPA.GNDR.XQ,Mozambique,MOZ,..,..,..,..,..,..,..,..,..,..,..,..,..,..,..,..,..,..,..,..,..,..,..,..,..,..,..,..,..,..,..,..,..,..,..,..,..,..,..,..,..,..,..,..,..,3.5,3.5,3.5,3.5,3.5,3.5,3.5,3.5,3.5,3.5,3.5,3.5,3.5,3.5,3.5,3.5,..
CPIA gender equality rating (1=low to 6=high),IQ.CPA.GNDR.XQ,Myanmar,MMR,..,..,..,..,..,..,..,..,..,..,..,..,..,..,..,..,..,..,..,..,..,..,..,..,..,..,..,..,..,..,..,..,..,..,..,..,..,..,..,..,..,..,..,..,..,..,..,..,..,..,..,..,..,3,3,3,3,3,3,3,3,..
CPIA gender equality rating (1=low to 6=high),IQ.CPA.GNDR.XQ,Namibia,NAM,..,..,..,..,..,..,..,..,..,..,..,..,..,..,..,..,..,..,..,..,..,..,..,..,..,..,..,..,..,..,..,..,..,..,..,..,..,..,..,..,..,..,..,..,..,..,..,..,..,..,..,..,..,..,..,..,..,..,..,..,..,..
CPIA gender equality rating (1=low to 6=high),IQ.CPA.GNDR.XQ,Nauru,NRU,..,..,..,..,..,..,..,..,..,..,..,..,..,..,..,..,..,..,..,..,..,..,..,..,..,..,..,..,..,..,..,..,..,..,..,..,..,..,..,..,..,..,..,..,..,..,..,..,..,..,..,..,..,..,..,..,..,..,..,..,..,..
CPIA gender equality rating (1=low to 6=high),IQ.CPA.GNDR.XQ,Nepal,NPL,..,..,..,..,..,..,..,..,..,..,..,..,..,..,..,..,..,..,..,..,..,..,..,..,..,..,..,..,..,..,..,..,..,..,..,..,..,..,..,..,..,..,..,..,..,3,3.5,3.5,3.5,4,4,4,4,4,4,4,4,4,3.5,3.5,3.5,..
CPIA gender equality rating (1=low to 6=high),IQ.CPA.GNDR.XQ,Netherlands,NLD,..,..,..,..,..,..,..,..,..,..,..,..,..,..,..,..,..,..,..,..,..,..,..,..,..,..,..,..,..,..,..,..,..,..,..,..,..,..,..,..,..,..,..,..,..,..,..,..,..,..,..,..,..,..,..,..,..,..,..,..,..,..
CPIA gender equality rating (1=low to 6=high),IQ.CPA.GNDR.XQ,New Caledonia,NCL,..,..,..,..,..,..,..,..,..,..,..,..,..,..,..,..,..,..,..,..,..,..,..,..,..,..,..,..,..,..,..,..,..,..,..,..,..,..,..,..,..,..,..,..,..,..,..,..,..,..,..,..,..,..,..,..,..,..,..,..,..,..
CPIA gender equality rating (1=low to 6=high),IQ.CPA.GNDR.XQ,New Zealand,NZL,..,..,..,..,..,..,..,..,..,..,..,..,..,..,..,..,..,..,..,..,..,..,..,..,..,..,..,..,..,..,..,..,..,..,..,..,..,..,..,..,..,..,..,..,..,..,..,..,..,..,..,..,..,..,..,..,..,..,..,..,..,..
CPIA gender equality rating (1=low to 6=high),IQ.CPA.GNDR.XQ,Nicaragua,NIC,..,..,..,..,..,..,..,..,..,..,..,..,..,..,..,..,..,..,..,..,..,..,..,..,..,..,..,..,..,..,..,..,..,..,..,..,..,..,..,..,..,..,..,..,..,4,3.5,3.5,3.5,3.5,3.5,4,4,4,4,4,4,4,4,4,4,..
CPIA gender equality rating (1=low to 6=high),IQ.CPA.GNDR.XQ,Niger,NER,..,..,..,..,..,..,..,..,..,..,..,..,..,..,..,..,..,..,..,..,..,..,..,..,..,..,..,..,..,..,..,..,..,..,..,..,..,..,..,..,..,..,..,..,..,2.5,2.5,2.5,2.5,2.5,2.5,2.5,2.5,2.5,2.5,2.5,2.5,2.5,2.5,2.5,3,..
CPIA gender equality rating (1=low to 6=high),IQ.CPA.GNDR.XQ,Nigeria,NGA,..,..,..,..,..,..,..,..,..,..,..,..,..,..,..,..,..,..,..,..,..,..,..,..,..,..,..,..,..,..,..,..,..,..,..,..,..,..,..,..,..,..,..,..,..,3,3,3,3,3,3,3,3,3,3,3,3,3,3,3,3,..
CPIA gender equality rating (1=low to 6=high),IQ.CPA.GNDR.XQ,North Macedonia,MKD,..,..,..,..,..,..,..,..,..,..,..,..,..,..,..,..,..,..,..,..,..,..,..,..,..,..,..,..,..,..,..,..,..,..,..,..,..,..,..,..,..,..,..,..,..,..,..,..,..,..,..,..,..,..,..,..,..,..,..,..,..,..
CPIA gender equality rating (1=low to 6=high),IQ.CPA.GNDR.XQ,Northern Mariana Islands,MNP,..,..,..,..,..,..,..,..,..,..,..,..,..,..,..,..,..,..,..,..,..,..,..,..,..,..,..,..,..,..,..,..,..,..,..,..,..,..,..,..,..,..,..,..,..,..,..,..,..,..,..,..,..,..,..,..,..,..,..,..,..,..
CPIA gender equality rating (1=low to 6=high),IQ.CPA.GNDR.XQ,Norway,NOR,..,..,..,..,..,..,..,..,..,..,..,..,..,..,..,..,..,..,..,..,..,..,..,..,..,..,..,..,..,..,..,..,..,..,..,..,..,..,..,..,..,..,..,..,..,..,..,..,..,..,..,..,..,..,..,..,..,..,..,..,..,..
CPIA gender equality rating (1=low to 6=high),IQ.CPA.GNDR.XQ,Oman,OMN,..,..,..,..,..,..,..,..,..,..,..,..,..,..,..,..,..,..,..,..,..,..,..,..,..,..,..,..,..,..,..,..,..,..,..,..,..,..,..,..,..,..,..,..,..,..,..,..,..,..,..,..,..,..,..,..,..,..,..,..,..,..
CPIA gender equality rating (1=low to 6=high),IQ.CPA.GNDR.XQ,Pakistan,PAK,..,..,..,..,..,..,..,..,..,..,..,..,..,..,..,..,..,..,..,..,..,..,..,..,..,..,..,..,..,..,..,..,..,..,..,..,..,..,..,..,..,..,..,..,..,2,2,2,2,2,2,2.5,2.5,2.5,2.5,2.5,2.5,2.5,2.5,2.5,2.5,..
CPIA gender equality rating (1=low to 6=high),IQ.CPA.GNDR.XQ,Palau,PLW,..,..,..,..,..,..,..,..,..,..,..,..,..,..,..,..,..,..,..,..,..,..,..,..,..,..,..,..,..,..,..,..,..,..,..,..,..,..,..,..,..,..,..,..,..,..,..,..,..,..,..,..,..,..,..,..,..,..,..,..,..,..
CPIA gender equality rating (1=low to 6=high),IQ.CPA.GNDR.XQ,Panama,PAN,..,..,..,..,..,..,..,..,..,..,..,..,..,..,..,..,..,..,..,..,..,..,..,..,..,..,..,..,..,..,..,..,..,..,..,..,..,..,..,..,..,..,..,..,..,..,..,..,..,..,..,..,..,..,..,..,..,..,..,..,..,..
CPIA gender equality rating (1=low to 6=high),IQ.CPA.GNDR.XQ,Papua New Guinea,PNG,..,..,..,..,..,..,..,..,..,..,..,..,..,..,..,..,..,..,..,..,..,..,..,..,..,..,..,..,..,..,..,..,..,..,..,..,..,..,..,..,..,..,..,..,..,2.5,2.5,2.5,2.5,2.5,2.5,2.5,2.5,2.5,2.5,2.5,2.5,2.5,2.5,2.5,2.5,..
CPIA gender equality rating (1=low to 6=high),IQ.CPA.GNDR.XQ,Paraguay,PRY,..,..,..,..,..,..,..,..,..,..,..,..,..,..,..,..,..,..,..,..,..,..,..,..,..,..,..,..,..,..,..,..,..,..,..,..,..,..,..,..,..,..,..,..,..,..,..,..,..,..,..,..,..,..,..,..,..,..,..,..,..,..
CPIA gender equality rating (1=low to 6=high),IQ.CPA.GNDR.XQ,Peru,PER,..,..,..,..,..,..,..,..,..,..,..,..,..,..,..,..,..,..,..,..,..,..,..,..,..,..,..,..,..,..,..,..,..,..,..,..,..,..,..,..,..,..,..,..,..,..,..,..,..,..,..,..,..,..,..,..,..,..,..,..,..,..
CPIA gender equality rating (1=low to 6=high),IQ.CPA.GNDR.XQ,Philippines,PHL,..,..,..,..,..,..,..,..,..,..,..,..,..,..,..,..,..,..,..,..,..,..,..,..,..,..,..,..,..,..,..,..,..,..,..,..,..,..,..,..,..,..,..,..,..,..,..,..,..,..,..,..,..,..,..,..,..,..,..,..,..,..
CPIA gender equality rating (1=low to 6=high),IQ.CPA.GNDR.XQ,Poland,POL,..,..,..,..,..,..,..,..,..,..,..,..,..,..,..,..,..,..,..,..,..,..,..,..,..,..,..,..,..,..,..,..,..,..,..,..,..,..,..,..,..,..,..,..,..,..,..,..,..,..,..,..,..,..,..,..,..,..,..,..,..,..
CPIA gender equality rating (1=low to 6=high),IQ.CPA.GNDR.XQ,Portugal,PRT,..,..,..,..,..,..,..,..,..,..,..,..,..,..,..,..,..,..,..,..,..,..,..,..,..,..,..,..,..,..,..,..,..,..,..,..,..,..,..,..,..,..,..,..,..,..,..,..,..,..,..,..,..,..,..,..,..,..,..,..,..,..
CPIA gender equality rating (1=low to 6=high),IQ.CPA.GNDR.XQ,Puerto Rico,PRI,..,..,..,..,..,..,..,..,..,..,..,..,..,..,..,..,..,..,..,..,..,..,..,..,..,..,..,..,..,..,..,..,..,..,..,..,..,..,..,..,..,..,..,..,..,..,..,..,..,..,..,..,..,..,..,..,..,..,..,..,..,..
CPIA gender equality rating (1=low to 6=high),IQ.CPA.GNDR.XQ,Qatar,QAT,..,..,..,..,..,..,..,..,..,..,..,..,..,..,..,..,..,..,..,..,..,..,..,..,..,..,..,..,..,..,..,..,..,..,..,..,..,..,..,..,..,..,..,..,..,..,..,..,..,..,..,..,..,..,..,..,..,..,..,..,..,..
CPIA gender equality rating (1=low to 6=high),IQ.CPA.GNDR.XQ,Romania,ROU,..,..,..,..,..,..,..,..,..,..,..,..,..,..,..,..,..,..,..,..,..,..,..,..,..,..,..,..,..,..,..,..,..,..,..,..,..,..,..,..,..,..,..,..,..,..,..,..,..,..,..,..,..,..,..,..,..,..,..,..,..,..
CPIA gender equality rating (1=low to 6=high),IQ.CPA.GNDR.XQ,Russian Federation,RUS,..,..,..,..,..,..,..,..,..,..,..,..,..,..,..,..,..,..,..,..,..,..,..,..,..,..,..,..,..,..,..,..,..,..,..,..,..,..,..,..,..,..,..,..,..,..,..,..,..,..,..,..,..,..,..,..,..,..,..,..,..,..
CPIA gender equality rating (1=low to 6=high),IQ.CPA.GNDR.XQ,Rwanda,RWA,..,..,..,..,..,..,..,..,..,..,..,..,..,..,..,..,..,..,..,..,..,..,..,..,..,..,..,..,..,..,..,..,..,..,..,..,..,..,..,..,..,..,..,..,..,3.5,3.5,3.5,3.5,3.5,4,4,4,4,4,4.5,4.5,4.5,4.5,4.5,4.5,..
CPIA gender equality rating (1=low to 6=high),IQ.CPA.GNDR.XQ,Samoa,WSM,..,..,..,..,..,..,..,..,..,..,..,..,..,..,..,..,..,..,..,..,..,..,..,..,..,..,..,..,..,..,..,..,..,..,..,..,..,..,..,..,..,..,..,..,..,4,4,3.5,3.5,3.5,3.5,3.5,3.5,3.5,3.5,3.5,4,4,4,4,4,..
CPIA gender equality rating (1=low to 6=high),IQ.CPA.GNDR.XQ,San Marino,SMR,..,..,..,..,..,..,..,..,..,..,..,..,..,..,..,..,..,..,..,..,..,..,..,..,..,..,..,..,..,..,..,..,..,..,..,..,..,..,..,..,..,..,..,..,..,..,..,..,..,..,..,..,..,..,..,..,..,..,..,..,..,..
CPIA gender equality rating (1=low to 6=high),IQ.CPA.GNDR.XQ,Sao Tome and Principe,STP,..,..,..,..,..,..,..,..,..,..,..,..,..,..,..,..,..,..,..,..,..,..,..,..,..,..,..,..,..,..,..,..,..,..,..,..,..,..,..,..,..,..,..,..,..,3,3,3,3,3,3,3,3,3,3,3,3,3,3,3,3,..
CPIA gender equality rating (1=low to 6=high),IQ.CPA.GNDR.XQ,Saudi Arabia,SAU,..,..,..,..,..,..,..,..,..,..,..,..,..,..,..,..,..,..,..,..,..,..,..,..,..,..,..,..,..,..,..,..,..,..,..,..,..,..,..,..,..,..,..,..,..,..,..,..,..,..,..,..,..,..,..,..,..,..,..,..,..,..
CPIA gender equality rating (1=low to 6=high),IQ.CPA.GNDR.XQ,Senegal,SEN,..,..,..,..,..,..,..,..,..,..,..,..,..,..,..,..,..,..,..,..,..,..,..,..,..,..,..,..,..,..,..,..,..,..,..,..,..,..,..,..,..,..,..,..,..,3.5,3.5,3.5,3.5,3.5,3.5,3.5,3.5,3.5,3.5,3.5,3.5,3.5,3.5,3.5,3.5,..
CPIA gender equality rating (1=low to 6=high),IQ.CPA.GNDR.XQ,Serbia,SRB,..,..,..,..,..,..,..,..,..,..,..,..,..,..,..,..,..,..,..,..,..,..,..,..,..,..,..,..,..,..,..,..,..,..,..,..,..,..,..,..,..,..,..,..,..,4.5,3,..,..,..,..,..,..,..,..,..,..,..,..,..,..,..
CPIA gender equality rating (1=low to 6=high),IQ.CPA.GNDR.XQ,Seychelles,SYC,..,..,..,..,..,..,..,..,..,..,..,..,..,..,..,..,..,..,..,..,..,..,..,..,..,..,..,..,..,..,..,..,..,..,..,..,..,..,..,..,..,..,..,..,..,..,..,..,..,..,..,..,..,..,..,..,..,..,..,..,..,..
CPIA gender equality rating (1=low to 6=high),IQ.CPA.GNDR.XQ,Sierra Leone,SLE,..,..,..,..,..,..,..,..,..,..,..,..,..,..,..,..,..,..,..,..,..,..,..,..,..,..,..,..,..,..,..,..,..,..,..,..,..,..,..,..,..,..,..,..,..,3,3,3,3,3,3,3,3,3,3,3,3,3,3,3,3,..
CPIA gender equality rating (1=low to 6=high),IQ.CPA.GNDR.XQ,Singapore,SGP,..,..,..,..,..,..,..,..,..,..,..,..,..,..,..,..,..,..,..,..,..,..,..,..,..,..,..,..,..,..,..,..,..,..,..,..,..,..,..,..,..,..,..,..,..,..,..,..,..,..,..,..,..,..,..,..,..,..,..,..,..,..
CPIA gender equality rating (1=low to 6=high),IQ.CPA.GNDR.XQ,Sint Maarten (Dutch part),SXM,..,..,..,..,..,..,..,..,..,..,..,..,..,..,..,..,..,..,..,..,..,..,..,..,..,..,..,..,..,..,..,..,..,..,..,..,..,..,..,..,..,..,..,..,..,..,..,..,..,..,..,..,..,..,..,..,..,..,..,..,..,..
CPIA gender equality rating (1=low to 6=high),IQ.CPA.GNDR.XQ,Slovak Republic,SVK,..,..,..,..,..,..,..,..,..,..,..,..,..,..,..,..,..,..,..,..,..,..,..,..,..,..,..,..,..,..,..,..,..,..,..,..,..,..,..,..,..,..,..,..,..,..,..,..,..,..,..,..,..,..,..,..,..,..,..,..,..,..
CPIA gender equality rating (1=low to 6=high),IQ.CPA.GNDR.XQ,Slovenia,SVN,..,..,..,..,..,..,..,..,..,..,..,..,..,..,..,..,..,..,..,..,..,..,..,..,..,..,..,..,..,..,..,..,..,..,..,..,..,..,..,..,..,..,..,..,..,..,..,..,..,..,..,..,..,..,..,..,..,..,..,..,..,..
CPIA gender equality rating (1=low to 6=high),IQ.CPA.GNDR.XQ,Solomon Islands,SLB,..,..,..,..,..,..,..,..,..,..,..,..,..,..,..,..,..,..,..,..,..,..,..,..,..,..,..,..,..,..,..,..,..,..,..,..,..,..,..,..,..,..,..,..,..,3,3,3,3,3,3,3,3,3,3,3,3,3,3,3,3,..
CPIA gender equality rating (1=low to 6=high),IQ.CPA.GNDR.XQ,Somalia,SOM,..,..,..,..,..,..,..,..,..,..,..,..,..,..,..,..,..,..,..,..,..,..,..,..,..,..,..,..,..,..,..,..,..,..,..,..,..,..,..,..,..,..,..,..,..,..,..,..,..,..,..,..,..,..,..,..,..,2,..,2,2,..
CPIA gender equality rating (1=low to 6=high),IQ.CPA.GNDR.XQ,South Africa,ZAF,..,..,..,..,..,..,..,..,..,..,..,..,..,..,..,..,..,..,..,..,..,..,..,..,..,..,..,..,..,..,..,..,..,..,..,..,..,..,..,..,..,..,..,..,..,..,..,..,..,..,..,..,..,..,..,..,..,..,..,..,..,..
CPIA gender equality rating (1=low to 6=high),IQ.CPA.GNDR.XQ,South Sudan,SSD,..,..,..,..,..,..,..,..,..,..,..,..,..,..,..,..,..,..,..,..,..,..,..,..,..,..,..,..,..,..,..,..,..,..,..,..,..,..,..,..,..,..,..,..,..,..,..,..,..,..,..,..,2.5,2.5,2.5,2.5,2,2,1.5,1.5,1.5,..
CPIA gender equality rating (1=low to 6=high),IQ.CPA.GNDR.XQ,Spain,ESP,..,..,..,..,..,..,..,..,..,..,..,..,..,..,..,..,..,..,..,..,..,..,..,..,..,..,..,..,..,..,..,..,..,..,..,..,..,..,..,..,..,..,..,..,..,..,..,..,..,..,..,..,..,..,..,..,..,..,..,..,..,..
CPIA gender equality rating (1=low to 6=high),IQ.CPA.GNDR.XQ,Sri Lanka,LKA,..,..,..,..,..,..,..,..,..,..,..,..,..,..,..,..,..,..,..,..,..,..,..,..,..,..,..,..,..,..,..,..,..,..,..,..,..,..,..,..,..,..,..,..,..,4,4,4,4,4,4,4,4,4,4,4,..,..,..,4,..,..
CPIA gender equality rating (1=low to 6=high),IQ.CPA.GNDR.XQ,St. Kitts and Nevis,KNA,..,..,..,..,..,..,..,..,..,..,..,..,..,..,..,..,..,..,..,..,..,..,..,..,..,..,..,..,..,..,..,..,..,..,..,..,..,..,..,..,..,..,..,..,..,..,..,..,..,..,..,..,..,..,..,..,..,..,..,..,..,..
CPIA gender equality rating (1=low to 6=high),IQ.CPA.GNDR.XQ,St. Lucia,LCA,..,..,..,..,..,..,..,..,..,..,..,..,..,..,..,..,..,..,..,..,..,..,..,..,..,..,..,..,..,..,..,..,..,..,..,..,..,..,..,..,..,..,..,..,..,4.5,4,3.5,3.5,3.5,3.5,3.5,3.5,3.5,3.5,3.5,3.5,4,4,4,4,..
CPIA gender equality rating (1=low to 6=high),IQ.CPA.GNDR.XQ,St. Martin (French part),MAF,..,..,..,..,..,..,..,..,..,..,..,..,..,..,..,..,..,..,..,..,..,..,..,..,..,..,..,..,..,..,..,..,..,..,..,..,..,..,..,..,..,..,..,..,..,..,..,..,..,..,..,..,..,..,..,..,..,..,..,..,..,..
CPIA gender equality rating (1=low to 6=high),IQ.CPA.GNDR.XQ,St. Vincent and the Grenadines,VCT,..,..,..,..,..,..,..,..,..,..,..,..,..,..,..,..,..,..,..,..,..,..,..,..,..,..,..,..,..,..,..,..,..,..,..,..,..,..,..,..,..,..,..,..,..,4.5,4.5,4,4,4,4,4,3.5,3.5,3.5,3.5,3.5,3.5,3.5,3.5,3.5,..
CPIA gender equality rating (1=low to 6=high),IQ.CPA.GNDR.XQ,Sudan,SDN,..,..,..,..,..,..,..,..,..,..,..,..,..,..,..,..,..,..,..,..,..,..,..,..,..,..,..,..,..,..,..,..,..,..,..,..,..,..,..,..,..,..,..,..,..,2,2,2,2,2,2.5,2.5,2.5,2.5,2.5,2.5,2.5,2.5,2.5,2.5,2.5,..
CPIA gender equality rating (1=low to 6=high),IQ.CPA.GNDR.XQ,Suriname,SUR,..,..,..,..,..,..,..,..,..,..,..,..,..,..,..,..,..,..,..,..,..,..,..,..,..,..,..,..,..,..,..,..,..,..,..,..,..,..,..,..,..,..,..,..,..,..,..,..,..,..,..,..,..,..,..,..,..,..,..,..,..,..
CPIA gender equality rating (1=low to 6=high),IQ.CPA.GNDR.XQ,Sweden,SWE,..,..,..,..,..,..,..,..,..,..,..,..,..,..,..,..,..,..,..,..,..,..,..,..,..,..,..,..,..,..,..,..,..,..,..,..,..,..,..,..,..,..,..,..,..,..,..,..,..,..,..,..,..,..,..,..,..,..,..,..,..,..
CPIA gender equality rating (1=low to 6=high),IQ.CPA.GNDR.XQ,Switzerland,CHE,..,..,..,..,..,..,..,..,..,..,..,..,..,..,..,..,..,..,..,..,..,..,..,..,..,..,..,..,..,..,..,..,..,..,..,..,..,..,..,..,..,..,..,..,..,..,..,..,..,..,..,..,..,..,..,..,..,..,..,..,..,..
CPIA gender equality rating (1=low to 6=high),IQ.CPA.GNDR.XQ,Syrian Arab Republic,SYR,..,..,..,..,..,..,..,..,..,..,..,..,..,..,..,..,..,..,..,..,..,..,..,..,..,..,..,..,..,..,..,..,..,..,..,..,..,..,..,..,..,..,..,..,..,..,..,..,..,..,..,..,..,..,..,..,..,..,..,..,..,..
CPIA gender equality rating (1=low to 6=high),IQ.CPA.GNDR.XQ,Tajikistan,TJK,..,..,..,..,..,..,..,..,..,..,..,..,..,..,..,..,..,..,..,..,..,..,..,..,..,..,..,..,..,..,..,..,..,..,..,..,..,..,..,..,..,..,..,..,..,3.5,3.5,3.5,4,4,4,4,4,4,4,4,4,4,4,4,4,..
CPIA gender equality rating (1=low to 6=high),IQ.CPA.GNDR.XQ,Tanzania,TZA,..,..,..,..,..,..,..,..,..,..,..,..,..,..,..,..,..,..,..,..,..,..,..,..,..,..,..,..,..,..,..,..,..,..,..,..,..,..,..,..,..,..,..,..,..,4,4,4,3.5,3.5,3.5,3.5,3.5,3.5,3.5,3.5,3.5,3,3,3,3,..
CPIA gender equality rating (1=low to 6=high),IQ.CPA.GNDR.XQ,Thailand,THA,..,..,..,..,..,..,..,..,..,..,..,..,..,..,..,..,..,..,..,..,..,..,..,..,..,..,..,..,..,..,..,..,..,..,..,..,..,..,..,..,..,..,..,..,..,..,..,..,..,..,..,..,..,..,..,..,..,..,..,..,..,..
CPIA gender equality rating (1=low to 6=high),IQ.CPA.GNDR.XQ,Timor-Leste,TLS,..,..,..,..,..,..,..,..,..,..,..,..,..,..,..,..,..,..,..,..,..,..,..,..,..,..,..,..,..,..,..,..,..,..,..,..,..,..,..,..,..,..,..,..,..,..,3,3.5,3.5,3.5,3.5,3.5,3.5,3.5,3.5,3.5,3.5,3.5,3.5,3.5,3.5,..
CPIA gender equality rating (1=low to 6=high),IQ.CPA.GNDR.XQ,Togo,TGO,..,..,..,..,..,..,..,..,..,..,..,..,..,..,..,..,..,..,..,..,..,..,..,..,..,..,..,..,..,..,..,..,..,..,..,..,..,..,..,..,..,..,..,..,..,3,3,3,3,3,3,3,3,3,3,3,3,3,3,3.5,3.5,..
CPIA gender equality rating (1=low to 6=high),IQ.CPA.GNDR.XQ,Tonga,TON,..,..,..,..,..,..,..,..,..,..,..,..,..,..,..,..,..,..,..,..,..,..,..,..,..,..,..,..,..,..,..,..,..,..,..,..,..,..,..,..,..,..,..,..,..,2.5,2.5,2.5,3,3,3,3,3,3,3,3,3,3,3,3,3,..
CPIA gender equality rating (1=low to 6=high),IQ.CPA.GNDR.XQ,Trinidad and Tobago,TTO,..,..,..,..,..,..,..,..,..,..,..,..,..,..,..,..,..,..,..,..,..,..,..,..,..,..,..,..,..,..,..,..,..,..,..,..,..,..,..,..,..,..,..,..,..,..,..,..,..,..,..,..,..,..,..,..,..,..,..,..,..,..
CPIA gender equality rating (1=low to 6=high),IQ.CPA.GNDR.XQ,Tunisia,TUN,..,..,..,..,..,..,..,..,..,..,..,..,..,..,..,..,..,..,..,..,..,..,..,..,..,..,..,..,..,..,..,..,..,..,..,..,..,..,..,..,..,..,..,..,..,..,..,..,..,..,..,..,..,..,..,..,..,..,..,..,..,..
CPIA gender equality rating (1=low to 6=high),IQ.CPA.GNDR.XQ,Turkey,TUR,..,..,..,..,..,..,..,..,..,..,..,..,..,..,..,..,..,..,..,..,..,..,..,..,..,..,..,..,..,..,..,..,..,..,..,..,..,..,..,..,..,..,..,..,..,..,..,..,..,..,..,..,..,..,..,..,..,..,..,..,..,..
CPIA gender equality rating (1=low to 6=high),IQ.CPA.GNDR.XQ,Turkmenistan,TKM,..,..,..,..,..,..,..,..,..,..,..,..,..,..,..,..,..,..,..,..,..,..,..,..,..,..,..,..,..,..,..,..,..,..,..,..,..,..,..,..,..,..,..,..,..,..,..,..,..,..,..,..,..,..,..,..,..,..,..,..,..,..
CPIA gender equality rating (1=low to 6=high),IQ.CPA.GNDR.XQ,Turks and Caicos Islands,TCA,..,..,..,..,..,..,..,..,..,..,..,..,..,..,..,..,..,..,..,..,..,..,..,..,..,..,..,..,..,..,..,..,..,..,..,..,..,..,..,..,..,..,..,..,..,..,..,..,..,..,..,..,..,..,..,..,..,..,..,..,..,..
CPIA gender equality rating (1=low to 6=high),IQ.CPA.GNDR.XQ,Tuvalu,TUV,..,..,..,..,..,..,..,..,..,..,..,..,..,..,..,..,..,..,..,..,..,..,..,..,..,..,..,..,..,..,..,..,..,..,..,..,..,..,..,..,..,..,..,..,..,..,..,..,..,..,..,..,3,3,3,3,3,3,3,3,3,..
CPIA gender equality rating (1=low to 6=high),IQ.CPA.GNDR.XQ,Uganda,UGA,..,..,..,..,..,..,..,..,..,..,..,..,..,..,..,..,..,..,..,..,..,..,..,..,..,..,..,..,..,..,..,..,..,..,..,..,..,..,..,..,..,..,..,..,..,3.5,3.5,3.5,3.5,3.5,3.5,3.5,3.5,3.5,3.5,3.5,3,3,3,3,3,..
CPIA gender equality rating (1=low to 6=high),IQ.CPA.GNDR.XQ,Ukraine,UKR,..,..,..,..,..,..,..,..,..,..,..,..,..,..,..,..,..,..,..,..,..,..,..,..,..,..,..,..,..,..,..,..,..,..,..,..,..,..,..,..,..,..,..,..,..,..,..,..,..,..,..,..,..,..,..,..,..,..,..,..,..,..
CPIA gender equality rating (1=low to 6=high),IQ.CPA.GNDR.XQ,United Arab Emirates,ARE,..,..,..,..,..,..,..,..,..,..,..,..,..,..,..,..,..,..,..,..,..,..,..,..,..,..,..,..,..,..,..,..,..,..,..,..,..,..,..,..,..,..,..,..,..,..,..,..,..,..,..,..,..,..,..,..,..,..,..,..,..,..
CPIA gender equality rating (1=low to 6=high),IQ.CPA.GNDR.XQ,United Kingdom,GBR,..,..,..,..,..,..,..,..,..,..,..,..,..,..,..,..,..,..,..,..,..,..,..,..,..,..,..,..,..,..,..,..,..,..,..,..,..,..,..,..,..,..,..,..,..,..,..,..,..,..,..,..,..,..,..,..,..,..,..,..,..,..
CPIA gender equality rating (1=low to 6=high),IQ.CPA.GNDR.XQ,United States,USA,..,..,..,..,..,..,..,..,..,..,..,..,..,..,..,..,..,..,..,..,..,..,..,..,..,..,..,..,..,..,..,..,..,..,..,..,..,..,..,..,..,..,..,..,..,..,..,..,..,..,..,..,..,..,..,..,..,..,..,..,..,..
CPIA gender equality rating (1=low to 6=high),IQ.CPA.GNDR.XQ,Uruguay,URY,..,..,..,..,..,..,..,..,..,..,..,..,..,..,..,..,..,..,..,..,..,..,..,..,..,..,..,..,..,..,..,..,..,..,..,..,..,..,..,..,..,..,..,..,..,..,..,..,..,..,..,..,..,..,..,..,..,..,..,..,..,..
CPIA gender equality rating (1=low to 6=high),IQ.CPA.GNDR.XQ,Uzbekistan,UZB,..,..,..,..,..,..,..,..,..,..,..,..,..,..,..,..,..,..,..,..,..,..,..,..,..,..,..,..,..,..,..,..,..,..,..,..,..,..,..,..,..,..,..,..,..,3.5,3.5,4,4,4,4,4,4,4,4,4,4,4,4,4,4.5,..
CPIA gender equality rating (1=low to 6=high),IQ.CPA.GNDR.XQ,Vanuatu,VUT,..,..,..,..,..,..,..,..,..,..,..,..,..,..,..,..,..,..,..,..,..,..,..,..,..,..,..,..,..,..,..,..,..,..,..,..,..,..,..,..,..,..,..,..,..,3,3,3.5,3.5,3.5,3.5,3.5,3.5,3.5,3.5,3.5,3.5,3.5,3.5,3.5,3.5,..
CPIA gender equality rating (1=low to 6=high),IQ.CPA.GNDR.XQ,"Venezuela, RB",VEN,..,..,..,..,..,..,..,..,..,..,..,..,..,..,..,..,..,..,..,..,..,..,..,..,..,..,..,..,..,..,..,..,..,..,..,..,..,..,..,..,..,..,..,..,..,..,..,..,..,..,..,..,..,..,..,..,..,..,..,..,..,..
CPIA gender equality rating (1=low to 6=high),IQ.CPA.GNDR.XQ,Vietnam,VNM,..,..,..,..,..,..,..,..,..,..,..,..,..,..,..,..,..,..,..,..,..,..,..,..,..,..,..,..,..,..,..,..,..,..,..,..,..,..,..,..,..,..,..,..,..,4.5,4.5,4.5,4.5,4.5,4.5,4.5,4.5,4.5,4.5,4.5,..,..,..,..,..,..
CPIA gender equality rating (1=low to 6=high),IQ.CPA.GNDR.XQ,Virgin Islands (U.S.),VIR,..,..,..,..,..,..,..,..,..,..,..,..,..,..,..,..,..,..,..,..,..,..,..,..,..,..,..,..,..,..,..,..,..,..,..,..,..,..,..,..,..,..,..,..,..,..,..,..,..,..,..,..,..,..,..,..,..,..,..,..,..,..
CPIA gender equality rating (1=low to 6=high),IQ.CPA.GNDR.XQ,West Bank and Gaza,PSE,..,..,..,..,..,..,..,..,..,..,..,..,..,..,..,..,..,..,..,..,..,..,..,..,..,..,..,..,..,..,..,..,..,..,..,..,..,..,..,..,..,..,..,..,..,..,..,..,..,..,..,..,..,..,..,..,..,..,..,..,..,..
CPIA gender equality rating (1=low to 6=high),IQ.CPA.GNDR.XQ,"Yemen, Rep.",YEM,..,..,..,..,..,..,..,..,..,..,..,..,..,..,..,..,..,..,..,..,..,..,..,..,..,..,..,..,..,..,..,..,..,..,..,..,..,..,..,..,..,..,..,..,..,2.5,2.5,2,2,2,2,2,2,2,2,1.5,1.5,1.5,1.5,1.5,1.5,..
CPIA gender equality rating (1=low to 6=high),IQ.CPA.GNDR.XQ,Zambia,ZMB,..,..,..,..,..,..,..,..,..,..,..,..,..,..,..,..,..,..,..,..,..,..,..,..,..,..,..,..,..,..,..,..,..,..,..,..,..,..,..,..,..,..,..,..,..,3.5,3.5,3.5,3.5,3.5,3.5,3,3,3,3,3,3,3,3,3,3,..
CPIA gender equality rating (1=low to 6=high),IQ.CPA.GNDR.XQ,Zimbabwe,ZWE,..,..,..,..,..,..,..,..,..,..,..,..,..,..,..,..,..,..,..,..,..,..,..,..,..,..,..,..,..,..,..,..,..,..,..,..,..,..,..,..,..,..,..,..,..,2.5,2.5,2.5,2.5,2.5,2.5,3,3,3,4,4,4,4,4,4,4,..
,,,,,,,,,,,,,,,,,,,,,,,,,,,,,,,,,,,,,,,,,,,,,,,,,,,,,,,,,,,,,,,,,
,,,,,,,,,,,,,,,,,,,,,,,,,,,,,,,,,,,,,,,,,,,,,,,,,,,,,,,,,,,,,,,,,
,,,,,,,,,,,,,,,,,,,,,,,,,,,,,,,,,,,,,,,,,,,,,,,,,,,,,,,,,,,,,,,,,
Data from database: World Development Indicators,,,,,,,,,,,,,,,,,,,,,,,,,,,,,,,,,,,,,,,,,,,,,,,,,,,,,,,,,,,,,,,,,
Last Updated: 05/25/2022,,,,,,,,,,,,,,,,,,,,,,,,,,,,,,,,,,,,,,,,,,,,,,,,,,,,,,,,,,,,,,,,,
