Country Name,Country Code,Series Name,Series Code,1960 [YR1960],1961 [YR1961],1962 [YR1962],1963 [YR1963],1964 [YR1964],1965 [YR1965],1966 [YR1966],1967 [YR1967],1968 [YR1968],1969 [YR1969],1970 [YR1970],1971 [YR1971],1972 [YR1972],1973 [YR1973],1974 [YR1974],1975 [YR1975],1976 [YR1976],1977 [YR1977],1978 [YR1978],1979 [YR1979],1980 [YR1980],1981 [YR1981],1982 [YR1982],1983 [YR1983],1984 [YR1984],1985 [YR1985],1986 [YR1986],1987 [YR1987],1988 [YR1988],1989 [YR1989],1990 [YR1990],1991 [YR1991],1992 [YR1992],1993 [YR1993],1994 [YR1994],1995 [YR1995],1996 [YR1996],1997 [YR1997],1998 [YR1998],1999 [YR1999],2000 [YR2000],2001 [YR2001],2002 [YR2002],2003 [YR2003],2004 [YR2004],2005 [YR2005],2006 [YR2006],2007 [YR2007],2008 [YR2008],2009 [YR2009],2010 [YR2010],2011 [YR2011],2012 [YR2012],2013 [YR2013],2014 [YR2014],2015 [YR2015],2016 [YR2016],2017 [YR2017],2018 [YR2018],2019 [YR2019],2020 [YR2020],2021 [YR2021]
Afghanistan,AFG,"Suicide mortality rate (per 100,000 population)",SH.STA.SUIC.P5,..,..,..,..,..,..,..,..,..,..,..,..,..,..,..,..,..,..,..,..,..,..,..,..,..,..,..,..,..,..,..,..,..,..,..,..,..,..,..,..,4.9,5,5,5,5,5,4.9,4.8,4.6,4.4,4.3,4.1,4,4,3.9,4,4,4.1,4.1,4.1,..,..
Albania,ALB,"Suicide mortality rate (per 100,000 population)",SH.STA.SUIC.P5,..,..,..,..,..,..,..,..,..,..,..,..,..,..,..,..,..,..,..,..,..,..,..,..,..,..,..,..,..,..,..,..,..,..,..,..,..,..,..,..,4.9,4.5,4.6,4.8,4.8,7.5,7.8,8.1,8.2,8.1,7.8,7.9,5.2,5.3,5,4.8,4.7,4.7,4.5,4.3,..,..
Algeria,DZA,"Suicide mortality rate (per 100,000 population)",SH.STA.SUIC.P5,..,..,..,..,..,..,..,..,..,..,..,..,..,..,..,..,..,..,..,..,..,..,..,..,..,..,..,..,..,..,..,..,..,..,..,..,..,..,..,..,4.5,4.5,4.4,4.1,4,3.9,3.7,3.5,3.4,3.2,3,3,2.9,2.9,2.8,2.7,2.6,2.5,2.5,2.5,..,..
American Samoa,ASM,"Suicide mortality rate (per 100,000 population)",SH.STA.SUIC.P5,..,..,..,..,..,..,..,..,..,..,..,..,..,..,..,..,..,..,..,..,..,..,..,..,..,..,..,..,..,..,..,..,..,..,..,..,..,..,..,..,..,..,..,..,..,..,..,..,..,..,..,..,..,..,..,..,..,..,..,..,..,..
Andorra,AND,"Suicide mortality rate (per 100,000 population)",SH.STA.SUIC.P5,..,..,..,..,..,..,..,..,..,..,..,..,..,..,..,..,..,..,..,..,..,..,..,..,..,..,..,..,..,..,..,..,..,..,..,..,..,..,..,..,..,..,..,..,..,..,..,..,..,..,..,..,..,..,..,..,..,..,..,..,..,..
Angola,AGO,"Suicide mortality rate (per 100,000 population)",SH.STA.SUIC.P5,..,..,..,..,..,..,..,..,..,..,..,..,..,..,..,..,..,..,..,..,..,..,..,..,..,..,..,..,..,..,..,..,..,..,..,..,..,..,..,..,8.7,8.6,8.6,8.8,8.6,8.1,8.6,7.4,7.5,6.7,7,6.6,6.9,6.9,6.4,6.5,6.2,6,6,6.1,..,..
Antigua and Barbuda,ATG,"Suicide mortality rate (per 100,000 population)",SH.STA.SUIC.P5,..,..,..,..,..,..,..,..,..,..,..,..,..,..,..,..,..,..,..,..,..,..,..,..,..,..,..,..,..,..,..,..,..,..,..,..,..,..,..,..,1.9,1.9,1.3,1.3,1.7,1.3,0.5,0.4,0.3,0,0.2,0.2,0,0,0.4,0.4,0.5,0,0.4,0.4,..,..
Argentina,ARG,"Suicide mortality rate (per 100,000 population)",SH.STA.SUIC.P5,..,..,..,..,..,..,..,..,..,..,..,..,..,..,..,..,..,..,..,..,..,..,..,..,..,..,..,..,..,..,..,..,..,..,..,..,..,..,..,..,9.1,10.3,10.2,9.7,8.7,8.6,8.6,8.3,8.7,8.4,8.6,8.5,9.1,8.6,9.3,8.3,8.3,8.9,9.2,8.4,..,..
Armenia,ARM,"Suicide mortality rate (per 100,000 population)",SH.STA.SUIC.P5,..,..,..,..,..,..,..,..,..,..,..,..,..,..,..,..,..,..,..,..,..,..,..,..,..,..,..,..,..,..,..,..,..,..,..,..,..,..,..,..,3.4,3.1,3.5,2.6,4,4.2,5.9,5.8,4.8,4.8,6.8,6.8,7.4,6.4,6.3,6.2,5.7,3,2.1,3.3,..,..
Aruba,ABW,"Suicide mortality rate (per 100,000 population)",SH.STA.SUIC.P5,..,..,..,..,..,..,..,..,..,..,..,..,..,..,..,..,..,..,..,..,..,..,..,..,..,..,..,..,..,..,..,..,..,..,..,..,..,..,..,..,..,..,..,..,..,..,..,..,..,..,..,..,..,..,..,..,..,..,..,..,..,..
Australia,AUS,"Suicide mortality rate (per 100,000 population)",SH.STA.SUIC.P5,..,..,..,..,..,..,..,..,..,..,..,..,..,..,..,..,..,..,..,..,..,..,..,..,..,..,..,..,..,..,..,..,..,..,..,..,..,..,..,..,12.7,12.2,11.3,10.5,10.3,11.2,10.6,10.9,11.6,11.2,11.7,11.2,11.7,11.5,12.7,13.2,12.2,13.1,12.4,12.5,..,..
Austria,AUT,"Suicide mortality rate (per 100,000 population)",SH.STA.SUIC.P5,..,..,..,..,..,..,..,..,..,..,..,..,..,..,..,..,..,..,..,..,..,..,..,..,..,..,..,..,..,..,..,..,..,..,..,..,..,..,..,..,19.9,18.6,19.3,18.2,17.5,17.2,16.4,16,15.8,16,16.1,16.5,16.3,16.2,16.5,16,15.5,15.4,15.7,14.6,..,..
Azerbaijan,AZE,"Suicide mortality rate (per 100,000 population)",SH.STA.SUIC.P5,..,..,..,..,..,..,..,..,..,..,..,..,..,..,..,..,..,..,..,..,..,..,..,..,..,..,..,..,..,..,..,..,..,..,..,..,..,..,..,..,3.1,3.4,3.6,3.8,4.3,4.5,4.7,4.9,4.7,4.6,4.6,4.5,4.4,4.3,4.2,4.1,4,4,4,4.1,..,..
"Bahamas, The",BHS,"Suicide mortality rate (per 100,000 population)",SH.STA.SUIC.P5,..,..,..,..,..,..,..,..,..,..,..,..,..,..,..,..,..,..,..,..,..,..,..,..,..,..,..,..,..,..,..,..,..,..,..,..,..,..,..,..,2.3,2.5,2.3,2.4,3.2,3,3.5,3.2,3.3,3.3,3.6,3.7,3.5,3.1,3.3,3.5,3.6,3.4,3.5,3.5,..,..
Bahrain,BHR,"Suicide mortality rate (per 100,000 population)",SH.STA.SUIC.P5,..,..,..,..,..,..,..,..,..,..,..,..,..,..,..,..,..,..,..,..,..,..,..,..,..,..,..,..,..,..,..,..,..,..,..,..,..,..,..,..,6.6,8.8,9.2,10.2,10.2,10.3,8.2,9.6,9.2,8.6,8.2,7.9,7.4,7.1,7.4,7.4,7.7,8.1,8.6,8.9,..,..
Bangladesh,BGD,"Suicide mortality rate (per 100,000 population)",SH.STA.SUIC.P5,..,..,..,..,..,..,..,..,..,..,..,..,..,..,..,..,..,..,..,..,..,..,..,..,..,..,..,..,..,..,..,..,..,..,..,..,..,..,..,..,6,5.7,5.3,5.1,4.9,4.9,5,4.9,4.7,4.6,4.4,4,3.7,3.5,3.5,3.4,3.4,3.5,3.6,3.7,..,..
Barbados,BRB,"Suicide mortality rate (per 100,000 population)",SH.STA.SUIC.P5,..,..,..,..,..,..,..,..,..,..,..,..,..,..,..,..,..,..,..,..,..,..,..,..,..,..,..,..,..,..,..,..,..,..,..,..,..,..,..,..,2.6,1.6,0.3,1.2,1.4,2.9,1.6,1.5,1,1.5,1.6,1,0.5,0.3,0.6,0.6,0.6,0.6,0.6,0.6,..,..
Belarus,BLR,"Suicide mortality rate (per 100,000 population)",SH.STA.SUIC.P5,..,..,..,..,..,..,..,..,..,..,..,..,..,..,..,..,..,..,..,..,..,..,..,..,..,..,..,..,..,..,..,..,..,..,..,..,..,..,..,..,41.8,43.3,44.3,42.9,42.1,43.5,40.9,36.8,36.7,36.5,35.9,36.2,29.9,27.9,26.3,24.3,24.2,23.3,22.8,21.2,..,..
Belgium,BEL,"Suicide mortality rate (per 100,000 population)",SH.STA.SUIC.P5,..,..,..,..,..,..,..,..,..,..,..,..,..,..,..,..,..,..,..,..,..,..,..,..,..,..,..,..,..,..,..,..,..,..,..,..,..,..,..,..,22,22.3,20.9,21.5,20.2,20.7,20.2,18.7,20.3,20.6,20.5,21.1,20.8,19.5,19.4,18.6,19.3,18.9,18.7,18.3,..,..
Belize,BLZ,"Suicide mortality rate (per 100,000 population)",SH.STA.SUIC.P5,..,..,..,..,..,..,..,..,..,..,..,..,..,..,..,..,..,..,..,..,..,..,..,..,..,..,..,..,..,..,..,..,..,..,..,..,..,..,..,..,7.4,6,6.1,6.3,6.9,5.4,5.6,5.2,4.4,6.2,6.9,6.8,6.3,5.9,6,6,5.8,7,6.5,7.1,..,..
Benin,BEN,"Suicide mortality rate (per 100,000 population)",SH.STA.SUIC.P5,..,..,..,..,..,..,..,..,..,..,..,..,..,..,..,..,..,..,..,..,..,..,..,..,..,..,..,..,..,..,..,..,..,..,..,..,..,..,..,..,8.8,8.8,8.8,8.8,8.8,8.7,8.6,8.5,8.2,8.5,8.4,8.5,8.3,8.3,8.2,8.1,8,8,7.9,7.8,..,..
Bermuda,BMU,"Suicide mortality rate (per 100,000 population)",SH.STA.SUIC.P5,..,..,..,..,..,..,..,..,..,..,..,..,..,..,..,..,..,..,..,..,..,..,..,..,..,..,..,..,..,..,..,..,..,..,..,..,..,..,..,..,..,..,..,..,..,..,..,..,..,..,..,..,..,..,..,..,..,..,..,..,..,..
Bhutan,BTN,"Suicide mortality rate (per 100,000 population)",SH.STA.SUIC.P5,..,..,..,..,..,..,..,..,..,..,..,..,..,..,..,..,..,..,..,..,..,..,..,..,..,..,..,..,..,..,..,..,..,..,..,..,..,..,..,..,4.8,4.9,4.7,4.6,4.5,4.5,4.5,4.4,4.3,4.3,4.2,4.3,4.3,4.4,4.4,4.5,4.5,4.6,4.6,4.6,..,..
Bolivia,BOL,"Suicide mortality rate (per 100,000 population)",SH.STA.SUIC.P5,..,..,..,..,..,..,..,..,..,..,..,..,..,..,..,..,..,..,..,..,..,..,..,..,..,..,..,..,..,..,..,..,..,..,..,..,..,..,..,..,6.9,6.6,6.6,6.4,6.3,6.3,5.9,6.1,6,6,6,6.1,6,6,6.2,6.4,6.6,6.4,6.3,6.2,..,..
Bosnia and Herzegovina,BIH,"Suicide mortality rate (per 100,000 population)",SH.STA.SUIC.P5,..,..,..,..,..,..,..,..,..,..,..,..,..,..,..,..,..,..,..,..,..,..,..,..,..,..,..,..,..,..,..,..,..,..,..,..,..,..,..,..,9,9.4,9.8,9.9,10,10.8,10.7,11.5,10.8,10.7,10.5,10.6,10.4,10.6,10.6,10.7,10.5,10.5,10.8,10.9,..,..
Botswana,BWA,"Suicide mortality rate (per 100,000 population)",SH.STA.SUIC.P5,..,..,..,..,..,..,..,..,..,..,..,..,..,..,..,..,..,..,..,..,..,..,..,..,..,..,..,..,..,..,..,..,..,..,..,..,..,..,..,..,35.3,34.5,32.7,31.2,31.8,34,32,29.3,28.4,25.1,24.4,22.7,22.6,21.6,19.6,19,17.8,17.4,17.4,16.1,..,..
Brazil,BRA,"Suicide mortality rate (per 100,000 population)",SH.STA.SUIC.P5,..,..,..,..,..,..,..,..,..,..,..,..,..,..,..,..,..,..,..,..,..,..,..,..,..,..,..,..,..,..,..,..,..,..,..,..,..,..,..,..,4,4.4,4.4,4.3,4.4,4.7,4.7,4.9,5.1,5.1,5,5.2,5.4,5.6,5.6,5.9,6,6.6,7,6.9,..,..
British Virgin Islands,VGB,"Suicide mortality rate (per 100,000 population)",SH.STA.SUIC.P5,..,..,..,..,..,..,..,..,..,..,..,..,..,..,..,..,..,..,..,..,..,..,..,..,..,..,..,..,..,..,..,..,..,..,..,..,..,..,..,..,..,..,..,..,..,..,..,..,..,..,..,..,..,..,..,..,..,..,..,..,..,..
Brunei Darussalam,BRN,"Suicide mortality rate (per 100,000 population)",SH.STA.SUIC.P5,..,..,..,..,..,..,..,..,..,..,..,..,..,..,..,..,..,..,..,..,..,..,..,..,..,..,..,..,..,..,..,..,..,..,..,..,..,..,..,..,1.9,1.3,1.6,1.6,1.9,2.2,2.9,2.6,2.1,1.8,1.3,1.9,2.1,1.8,1.8,1.9,2.6,3.3,3.1,2.7,..,..
Bulgaria,BGR,"Suicide mortality rate (per 100,000 population)",SH.STA.SUIC.P5,..,..,..,..,..,..,..,..,..,..,..,..,..,..,..,..,..,..,..,..,..,..,..,..,..,..,..,..,..,..,..,..,..,..,..,..,..,..,..,..,18.2,17.5,17.5,15.1,14.2,13.3,13.4,12.5,13.2,12.3,12.4,11,12.5,10.5,10.4,9.8,9.7,10.3,9.7,9.7,..,..
Burkina Faso,BFA,"Suicide mortality rate (per 100,000 population)",SH.STA.SUIC.P5,..,..,..,..,..,..,..,..,..,..,..,..,..,..,..,..,..,..,..,..,..,..,..,..,..,..,..,..,..,..,..,..,..,..,..,..,..,..,..,..,8.6,8.2,8,7.9,8,8,8.1,8.1,8,8,8,7.9,8.3,8.3,8,8,7.8,7.7,7.6,7.5,..,..
Burundi,BDI,"Suicide mortality rate (per 100,000 population)",SH.STA.SUIC.P5,..,..,..,..,..,..,..,..,..,..,..,..,..,..,..,..,..,..,..,..,..,..,..,..,..,..,..,..,..,..,..,..,..,..,..,..,..,..,..,..,11.7,10.8,10.2,9.7,9.2,8.9,8.9,8.4,7.9,7.7,7.6,7.4,7.1,7,6.7,6.4,6.4,6.4,6.3,6.2,..,..
Cabo Verde,CPV,"Suicide mortality rate (per 100,000 population)",SH.STA.SUIC.P5,..,..,..,..,..,..,..,..,..,..,..,..,..,..,..,..,..,..,..,..,..,..,..,..,..,..,..,..,..,..,..,..,..,..,..,..,..,..,..,..,12,12.1,12.3,12.4,12.8,13.2,13.1,13.5,14,14.4,14.8,14.8,14.9,14.6,14.4,14.4,14.4,14.2,13.4,12.9,..,..
Cambodia,KHM,"Suicide mortality rate (per 100,000 population)",SH.STA.SUIC.P5,..,..,..,..,..,..,..,..,..,..,..,..,..,..,..,..,..,..,..,..,..,..,..,..,..,..,..,..,..,..,..,..,..,..,..,..,..,..,..,..,5,5.1,5.1,5.1,5.3,5.5,5.7,5.7,5.6,5.4,5.4,5.3,5.2,5.2,5.1,5.1,5.1,5,4.9,4.9,..,..
Cameroon,CMR,"Suicide mortality rate (per 100,000 population)",SH.STA.SUIC.P5,..,..,..,..,..,..,..,..,..,..,..,..,..,..,..,..,..,..,..,..,..,..,..,..,..,..,..,..,..,..,..,..,..,..,..,..,..,..,..,..,10.7,10.8,10.6,10.8,10.7,11.4,11.7,11.4,11.2,11.1,10.8,10.8,10.6,10.4,10,9.5,9.2,9,8.9,9,..,..
Canada,CAN,"Suicide mortality rate (per 100,000 population)",SH.STA.SUIC.P5,..,..,..,..,..,..,..,..,..,..,..,..,..,..,..,..,..,..,..,..,..,..,..,..,..,..,..,..,..,..,..,..,..,..,..,..,..,..,..,..,11.9,12.2,11.9,12.4,11.7,12.2,11.2,11.5,11.5,12,12.1,11.3,11.8,12.1,12.7,13,11.9,13,12,11.8,..,..
Cayman Islands,CYM,"Suicide mortality rate (per 100,000 population)",SH.STA.SUIC.P5,..,..,..,..,..,..,..,..,..,..,..,..,..,..,..,..,..,..,..,..,..,..,..,..,..,..,..,..,..,..,..,..,..,..,..,..,..,..,..,..,..,..,..,..,..,..,..,..,..,..,..,..,..,..,..,..,..,..,..,..,..,..
Central African Republic,CAF,"Suicide mortality rate (per 100,000 population)",SH.STA.SUIC.P5,..,..,..,..,..,..,..,..,..,..,..,..,..,..,..,..,..,..,..,..,..,..,..,..,..,..,..,..,..,..,..,..,..,..,..,..,..,..,..,..,19,17.7,17.4,16.4,15.7,15.1,15.7,15.4,15.1,16,15.8,15.4,14.7,14.9,15.6,14.4,13.7,14.3,12.8,12.3,..,..
Chad,TCD,"Suicide mortality rate (per 100,000 population)",SH.STA.SUIC.P5,..,..,..,..,..,..,..,..,..,..,..,..,..,..,..,..,..,..,..,..,..,..,..,..,..,..,..,..,..,..,..,..,..,..,..,..,..,..,..,..,7.8,7.8,7.7,7.8,7.5,7.5,7.5,7.7,7.5,7.6,7.7,7.7,7.6,7.4,7.1,6.8,6.7,6.7,6.6,6.4,..,..
Channel Islands,CHI,"Suicide mortality rate (per 100,000 population)",SH.STA.SUIC.P5,..,..,..,..,..,..,..,..,..,..,..,..,..,..,..,..,..,..,..,..,..,..,..,..,..,..,..,..,..,..,..,..,..,..,..,..,..,..,..,..,..,..,..,..,..,..,..,..,..,..,..,..,..,..,..,..,..,..,..,..,..,..
Chile,CHL,"Suicide mortality rate (per 100,000 population)",SH.STA.SUIC.P5,..,..,..,..,..,..,..,..,..,..,..,..,..,..,..,..,..,..,..,..,..,..,..,..,..,..,..,..,..,..,..,..,..,..,..,..,..,..,..,..,10.3,10.3,9.6,9.7,10.1,9.7,10,11,12.2,12.7,11.6,11.7,10.5,9.8,9.9,10,10,9.3,8.8,9,..,..
China,CHN,"Suicide mortality rate (per 100,000 population)",SH.STA.SUIC.P5,..,..,..,..,..,..,..,..,..,..,..,..,..,..,..,..,..,..,..,..,..,..,..,..,..,..,..,..,..,..,..,..,..,..,..,..,..,..,..,..,14.3,12.9,12.2,12.8,13.3,12.9,12.1,11.5,11.1,10.7,10.2,9.6,9,8.6,8.4,8.1,8.2,8.1,8.1,8.1,..,..
Colombia,COL,"Suicide mortality rate (per 100,000 population)",SH.STA.SUIC.P5,..,..,..,..,..,..,..,..,..,..,..,..,..,..,..,..,..,..,..,..,..,..,..,..,..,..,..,..,..,..,..,..,..,..,..,..,..,..,..,..,5,4.9,4.7,4.6,4.5,4.1,4.1,4.1,4.2,4.1,3.8,3.7,3.8,3.7,3.8,4.1,4.2,4.7,4,3.9,..,..
Comoros,COM,"Suicide mortality rate (per 100,000 population)",SH.STA.SUIC.P5,..,..,..,..,..,..,..,..,..,..,..,..,..,..,..,..,..,..,..,..,..,..,..,..,..,..,..,..,..,..,..,..,..,..,..,..,..,..,..,..,6.3,6.2,5.9,5.8,5.5,5.4,5.4,5.3,5.4,5,5.6,5.1,5.2,5.2,5.5,5.5,5.5,5.4,5.4,5.4,..,..
"Congo, Dem. Rep.",COD,"Suicide mortality rate (per 100,000 population)",SH.STA.SUIC.P5,..,..,..,..,..,..,..,..,..,..,..,..,..,..,..,..,..,..,..,..,..,..,..,..,..,..,..,..,..,..,..,..,..,..,..,..,..,..,..,..,7.9,7.7,7.7,7.7,7.6,7.5,7.4,7.2,7.1,7.3,7.2,7.1,6.9,6.8,6.7,6.6,6.5,6.5,6.7,6.7,..,..
"Congo, Rep.",COG,"Suicide mortality rate (per 100,000 population)",SH.STA.SUIC.P5,..,..,..,..,..,..,..,..,..,..,..,..,..,..,..,..,..,..,..,..,..,..,..,..,..,..,..,..,..,..,..,..,..,..,..,..,..,..,..,..,14.5,12.4,11,10.1,10.2,9.7,9.6,9.3,8.9,9.3,9,8.7,8.9,8.2,7.5,6.8,6.7,6.6,6.5,6.5,..,..
Costa Rica,CRI,"Suicide mortality rate (per 100,000 population)",SH.STA.SUIC.P5,..,..,..,..,..,..,..,..,..,..,..,..,..,..,..,..,..,..,..,..,..,..,..,..,..,..,..,..,..,..,..,..,..,..,..,..,..,..,..,..,6.4,5.2,7,7.9,8.1,6.6,8.4,5.7,5.5,5.6,6.9,6.9,6.6,6.7,5.6,6.7,7.7,6.1,7.2,8.1,..,..
Cote d'Ivoire,CIV,"Suicide mortality rate (per 100,000 population)",SH.STA.SUIC.P5,..,..,..,..,..,..,..,..,..,..,..,..,..,..,..,..,..,..,..,..,..,..,..,..,..,..,..,..,..,..,..,..,..,..,..,..,..,..,..,..,14.1,13.3,12.7,12.4,12.1,11.5,11.6,11.5,10.6,11,11.4,11.1,11.3,11.1,10.5,10,9.6,9.2,9,8.9,..,..
Croatia,HRV,"Suicide mortality rate (per 100,000 population)",SH.STA.SUIC.P5,..,..,..,..,..,..,..,..,..,..,..,..,..,..,..,..,..,..,..,..,..,..,..,..,..,..,..,..,..,..,..,..,..,..,..,..,..,..,..,..,20.8,19.7,19.5,19.7,20.2,20.1,18.3,18.1,18.4,18.3,18.3,16.4,18.4,16.5,17.3,17.6,16.4,15.7,16.4,16.4,..,..
Cuba,CUB,"Suicide mortality rate (per 100,000 population)",SH.STA.SUIC.P5,..,..,..,..,..,..,..,..,..,..,..,..,..,..,..,..,..,..,..,..,..,..,..,..,..,..,..,..,..,..,..,..,..,..,..,..,..,..,..,..,17.2,15.3,14.7,13.8,13.9,12.9,12.7,12.2,12.9,13.7,14.4,14.1,13.8,13.9,13.4,14,13.4,14.5,14.3,14.5,..,..
Curacao,CUW,"Suicide mortality rate (per 100,000 population)",SH.STA.SUIC.P5,..,..,..,..,..,..,..,..,..,..,..,..,..,..,..,..,..,..,..,..,..,..,..,..,..,..,..,..,..,..,..,..,..,..,..,..,..,..,..,..,..,..,..,..,..,..,..,..,..,..,..,..,..,..,..,..,..,..,..,..,..,..
Cyprus,CYP,"Suicide mortality rate (per 100,000 population)",SH.STA.SUIC.P5,..,..,..,..,..,..,..,..,..,..,..,..,..,..,..,..,..,..,..,..,..,..,..,..,..,..,..,..,..,..,..,..,..,..,..,..,..,..,..,..,2,2.1,2.2,2.2,0.9,2.6,3.5,3.1,6.1,4.5,5.3,4.3,5.4,5.7,5.4,4.7,4.6,3.7,4.2,3.6,..,..
Czech Republic,CZE,"Suicide mortality rate (per 100,000 population)",SH.STA.SUIC.P5,..,..,..,..,..,..,..,..,..,..,..,..,..,..,..,..,..,..,..,..,..,..,..,..,..,..,..,..,..,..,..,..,..,..,..,..,..,..,..,..,16.3,16.2,15.4,17,16.3,15.8,14.5,14.1,14.2,15,15,16.1,16.7,15.7,14.8,13.6,13,13.9,13.6,12.2,..,..
Denmark,DNK,"Suicide mortality rate (per 100,000 population)",SH.STA.SUIC.P5,..,..,..,..,..,..,..,..,..,..,..,..,..,..,..,..,..,..,..,..,..,..,..,..,..,..,..,..,..,..,..,..,..,..,..,..,..,..,..,..,15.6,15.8,14.9,13.6,14.2,14.8,14.7,12.6,13.1,12.9,11.8,12.6,12.8,12.1,12,10.9,10.9,11.3,11.4,10.7,..,..
Djibouti,DJI,"Suicide mortality rate (per 100,000 population)",SH.STA.SUIC.P5,..,..,..,..,..,..,..,..,..,..,..,..,..,..,..,..,..,..,..,..,..,..,..,..,..,..,..,..,..,..,..,..,..,..,..,..,..,..,..,..,7.2,7,7.3,7.4,7.5,7.6,7.5,7.5,7.6,7.8,8.2,8.5,8.7,9,9.2,9,9.3,9.7,9.7,9.6,..,..
Dominica,DMA,"Suicide mortality rate (per 100,000 population)",SH.STA.SUIC.P5,..,..,..,..,..,..,..,..,..,..,..,..,..,..,..,..,..,..,..,..,..,..,..,..,..,..,..,..,..,..,..,..,..,..,..,..,..,..,..,..,..,..,..,..,..,..,..,..,..,..,..,..,..,..,..,..,..,..,..,..,..,..
Dominican Republic,DOM,"Suicide mortality rate (per 100,000 population)",SH.STA.SUIC.P5,..,..,..,..,..,..,..,..,..,..,..,..,..,..,..,..,..,..,..,..,..,..,..,..,..,..,..,..,..,..,..,..,..,..,..,..,..,..,..,..,3.9,3.9,4.1,4.4,4.5,4.8,4.7,4.8,4.8,4.9,4.7,4.9,5.2,5.5,6.1,6.4,6.4,5.7,5.2,4.9,..,..
Ecuador,ECU,"Suicide mortality rate (per 100,000 population)",SH.STA.SUIC.P5,..,..,..,..,..,..,..,..,..,..,..,..,..,..,..,..,..,..,..,..,..,..,..,..,..,..,..,..,..,..,..,..,..,..,..,..,..,..,..,..,6.4,6.9,7.9,8.5,9,9.9,10,10.2,10.5,10.5,9.9,9.8,10.1,9.6,8.8,8.8,9,9.2,8.1,7.6,..,..
"Egypt, Arab Rep.",EGY,"Suicide mortality rate (per 100,000 population)",SH.STA.SUIC.P5,..,..,..,..,..,..,..,..,..,..,..,..,..,..,..,..,..,..,..,..,..,..,..,..,..,..,..,..,..,..,..,..,..,..,..,..,..,..,..,..,3.1,3.2,3.2,3.2,3.1,3.1,3.1,3.1,3.1,3.1,3.2,3.3,3.4,3.4,3.3,3.3,3.2,3,3,3,..,..
El Salvador,SLV,"Suicide mortality rate (per 100,000 population)",SH.STA.SUIC.P5,..,..,..,..,..,..,..,..,..,..,..,..,..,..,..,..,..,..,..,..,..,..,..,..,..,..,..,..,..,..,..,..,..,..,..,..,..,..,..,..,6.2,6.8,5.3,6.5,6.8,7.8,6.6,7.9,6.8,8.6,6.1,8,6.8,6.4,5.8,6.9,5.7,6.1,6,6.1,..,..
Equatorial Guinea,GNQ,"Suicide mortality rate (per 100,000 population)",SH.STA.SUIC.P5,..,..,..,..,..,..,..,..,..,..,..,..,..,..,..,..,..,..,..,..,..,..,..,..,..,..,..,..,..,..,..,..,..,..,..,..,..,..,..,..,12.6,11.4,10.1,9.7,9.3,8.9,9.2,9,8.8,8.9,10,11.2,10,8.4,8.8,9.8,9.3,7.8,8.3,7.9,..,..
Eritrea,ERI,"Suicide mortality rate (per 100,000 population)",SH.STA.SUIC.P5,..,..,..,..,..,..,..,..,..,..,..,..,..,..,..,..,..,..,..,..,..,..,..,..,..,..,..,..,..,..,..,..,..,..,..,..,..,..,..,..,14.5,14,13.7,12.8,13,13.1,13.2,12.9,13.3,13,12.7,12.5,12.3,12,11.7,11.6,11.5,11.3,11.3,10.9,..,..
Estonia,EST,"Suicide mortality rate (per 100,000 population)",SH.STA.SUIC.P5,..,..,..,..,..,..,..,..,..,..,..,..,..,..,..,..,..,..,..,..,..,..,..,..,..,..,..,..,..,..,..,..,..,..,..,..,..,..,..,..,29.1,30.3,29.3,26.3,26.5,22.6,20.9,21.4,19.4,23.3,18.8,18.2,21.1,18.9,19.5,15.9,15.7,18.7,15.3,14.9,..,..
Eswatini,SWZ,"Suicide mortality rate (per 100,000 population)",SH.STA.SUIC.P5,..,..,..,..,..,..,..,..,..,..,..,..,..,..,..,..,..,..,..,..,..,..,..,..,..,..,..,..,..,..,..,..,..,..,..,..,..,..,..,..,28.4,32.2,37.2,40.5,42.4,43.9,47.3,53.9,55,54.2,50.4,47,47.6,44.6,39.2,35.1,32.8,30.4,28.5,29.4,..,..
Ethiopia,ETH,"Suicide mortality rate (per 100,000 population)",SH.STA.SUIC.P5,..,..,..,..,..,..,..,..,..,..,..,..,..,..,..,..,..,..,..,..,..,..,..,..,..,..,..,..,..,..,..,..,..,..,..,..,..,..,..,..,9.7,9.3,8.9,8.6,8.3,8.1,7.8,7.7,7.6,7.4,7.1,6.7,6.1,5.7,5.5,5.5,5.5,5.4,5.4,5.4,..,..
Faroe Islands,FRO,"Suicide mortality rate (per 100,000 population)",SH.STA.SUIC.P5,..,..,..,..,..,..,..,..,..,..,..,..,..,..,..,..,..,..,..,..,..,..,..,..,..,..,..,..,..,..,..,..,..,..,..,..,..,..,..,..,..,..,..,..,..,..,..,..,..,..,..,..,..,..,..,..,..,..,..,..,..,..
Fiji,FJI,"Suicide mortality rate (per 100,000 population)",SH.STA.SUIC.P5,..,..,..,..,..,..,..,..,..,..,..,..,..,..,..,..,..,..,..,..,..,..,..,..,..,..,..,..,..,..,..,..,..,..,..,..,..,..,..,..,10.6,10.4,10.1,9.7,9.4,9.5,9.2,9.4,9.6,9.7,9.6,9.8,10,10,9.7,9.4,9.4,9.3,9.1,9,..,..
Finland,FIN,"Suicide mortality rate (per 100,000 population)",SH.STA.SUIC.P5,..,..,..,..,..,..,..,..,..,..,..,..,..,..,..,..,..,..,..,..,..,..,..,..,..,..,..,..,..,..,..,..,..,..,..,..,..,..,..,..,24.3,24.1,22,21.7,21.2,19.9,21,19.7,20.6,20.4,18.6,17.9,17,17.2,15.4,14,15.2,15.9,16.2,15.3,..,..
France,FRA,"Suicide mortality rate (per 100,000 population)",SH.STA.SUIC.P5,..,..,..,..,..,..,..,..,..,..,..,..,..,..,..,..,..,..,..,..,..,..,..,..,..,..,..,..,..,..,..,..,..,..,..,..,..,..,..,..,20.2,19.5,19.8,20.1,19.5,19.1,18.5,17.9,18.2,18.4,18.2,18,17.8,17,15.6,15.8,14.9,14.6,14.2,13.8,..,..
French Polynesia,PYF,"Suicide mortality rate (per 100,000 population)",SH.STA.SUIC.P5,..,..,..,..,..,..,..,..,..,..,..,..,..,..,..,..,..,..,..,..,..,..,..,..,..,..,..,..,..,..,..,..,..,..,..,..,..,..,..,..,..,..,..,..,..,..,..,..,..,..,..,..,..,..,..,..,..,..,..,..,..,..
Gabon,GAB,"Suicide mortality rate (per 100,000 population)",SH.STA.SUIC.P5,..,..,..,..,..,..,..,..,..,..,..,..,..,..,..,..,..,..,..,..,..,..,..,..,..,..,..,..,..,..,..,..,..,..,..,..,..,..,..,..,13,12.2,11.2,11,10.1,10.2,10.6,10.4,11.3,10.2,10.1,10,8.9,8.6,9.8,9.6,9.2,8.8,8.6,8.4,..,..
"Gambia, The",GMB,"Suicide mortality rate (per 100,000 population)",SH.STA.SUIC.P5,..,..,..,..,..,..,..,..,..,..,..,..,..,..,..,..,..,..,..,..,..,..,..,..,..,..,..,..,..,..,..,..,..,..,..,..,..,..,..,..,5.6,5.7,5.8,5.8,5.9,5.8,5.7,5.7,5.6,5.5,5.3,5.4,5.3,5.3,5.3,5.1,4.9,4.9,4.8,4.8,..,..
Georgia,GEO,"Suicide mortality rate (per 100,000 population)",SH.STA.SUIC.P5,..,..,..,..,..,..,..,..,..,..,..,..,..,..,..,..,..,..,..,..,..,..,..,..,..,..,..,..,..,..,..,..,..,..,..,..,..,..,..,..,7.4,6.9,8.2,6.6,7.4,6.2,6.2,6.1,7.5,8.5,8.3,8.7,9.2,9.8,10.3,10.5,10.7,9.6,9.4,9.2,..,..
Germany,DEU,"Suicide mortality rate (per 100,000 population)",SH.STA.SUIC.P5,..,..,..,..,..,..,..,..,..,..,..,..,..,..,..,..,..,..,..,..,..,..,..,..,..,..,..,..,..,..,..,..,..,..,..,..,..,..,..,..,14.5,14.5,14.6,14.4,14,13.3,12.8,12.4,12.5,12.8,13.2,13.2,12.9,13.4,13.4,13.3,13,12.6,12.9,12.3,..,..
Ghana,GHA,"Suicide mortality rate (per 100,000 population)",SH.STA.SUIC.P5,..,..,..,..,..,..,..,..,..,..,..,..,..,..,..,..,..,..,..,..,..,..,..,..,..,..,..,..,..,..,..,..,..,..,..,..,..,..,..,..,5.4,5.8,6.1,6.4,6.6,6.9,7,7.2,7.5,7.6,7.8,7.8,7.8,7.7,7.5,7.3,7.2,7,6.6,6.6,..,..
Gibraltar,GIB,"Suicide mortality rate (per 100,000 population)",SH.STA.SUIC.P5,..,..,..,..,..,..,..,..,..,..,..,..,..,..,..,..,..,..,..,..,..,..,..,..,..,..,..,..,..,..,..,..,..,..,..,..,..,..,..,..,..,..,..,..,..,..,..,..,..,..,..,..,..,..,..,..,..,..,..,..,..,..
Greece,GRC,"Suicide mortality rate (per 100,000 population)",SH.STA.SUIC.P5,..,..,..,..,..,..,..,..,..,..,..,..,..,..,..,..,..,..,..,..,..,..,..,..,..,..,..,..,..,..,..,..,..,..,..,..,..,..,..,..,3.5,3.1,2.9,3.3,3.1,3.7,3.7,3,3.4,3.6,3.5,4.4,4.8,5,5.3,5,4.7,5.1,5.1,5.1,..,..
Greenland,GRL,"Suicide mortality rate (per 100,000 population)",SH.STA.SUIC.P5,..,..,..,..,..,..,..,..,..,..,..,..,..,..,..,..,..,..,..,..,..,..,..,..,..,..,..,..,..,..,..,..,..,..,..,..,..,..,..,..,..,..,..,..,..,..,..,..,..,..,..,..,..,..,..,..,..,..,..,..,..,..
Grenada,GRD,"Suicide mortality rate (per 100,000 population)",SH.STA.SUIC.P5,..,..,..,..,..,..,..,..,..,..,..,..,..,..,..,..,..,..,..,..,..,..,..,..,..,..,..,..,..,..,..,..,..,..,..,..,..,..,..,..,1.9,0.4,3.2,2.4,4.6,3.1,5.1,2,2.4,0.7,0.9,1.7,1.7,1.2,0.6,0.7,1,0.6,0.3,0.7,..,..
Guam,GUM,"Suicide mortality rate (per 100,000 population)",SH.STA.SUIC.P5,..,..,..,..,..,..,..,..,..,..,..,..,..,..,..,..,..,..,..,..,..,..,..,..,..,..,..,..,..,..,..,..,..,..,..,..,..,..,..,..,..,..,..,..,..,..,..,..,..,..,..,..,..,..,..,..,..,..,..,..,..,..
Guatemala,GTM,"Suicide mortality rate (per 100,000 population)",SH.STA.SUIC.P5,..,..,..,..,..,..,..,..,..,..,..,..,..,..,..,..,..,..,..,..,..,..,..,..,..,..,..,..,..,..,..,..,..,..,..,..,..,..,..,..,10.2,10.7,10.5,10.8,11,11.4,10.7,8.3,8,7.9,7.3,6.6,6.1,5.9,5.8,5.8,5.7,5.6,6,5.9,..,..
Guinea,GIN,"Suicide mortality rate (per 100,000 population)",SH.STA.SUIC.P5,..,..,..,..,..,..,..,..,..,..,..,..,..,..,..,..,..,..,..,..,..,..,..,..,..,..,..,..,..,..,..,..,..,..,..,..,..,..,..,..,5.4,5.4,5.6,5.6,5.7,5.6,6,6.3,6.3,6.4,6.8,7,7.1,7.3,7.1,7.2,7.1,7,6.9,7,..,..
Guinea-Bissau,GNB,"Suicide mortality rate (per 100,000 population)",SH.STA.SUIC.P5,..,..,..,..,..,..,..,..,..,..,..,..,..,..,..,..,..,..,..,..,..,..,..,..,..,..,..,..,..,..,..,..,..,..,..,..,..,..,..,..,9.5,9.3,9.1,8.8,8.8,8.4,8.4,8.4,8.4,8.5,8.4,8.2,8,8.1,7.8,7.3,7.3,7.3,7.2,7,..,..
Guyana,GUY,"Suicide mortality rate (per 100,000 population)",SH.STA.SUIC.P5,..,..,..,..,..,..,..,..,..,..,..,..,..,..,..,..,..,..,..,..,..,..,..,..,..,..,..,..,..,..,..,..,..,..,..,..,..,..,..,..,31.4,34.7,34.5,33.2,32.5,30.9,30.7,30.9,30,32.9,33.3,32.6,35,38.2,37.2,37.3,37.9,38.5,39.5,40.3,..,..
Haiti,HTI,"Suicide mortality rate (per 100,000 population)",SH.STA.SUIC.P5,..,..,..,..,..,..,..,..,..,..,..,..,..,..,..,..,..,..,..,..,..,..,..,..,..,..,..,..,..,..,..,..,..,..,..,..,..,..,..,..,9.7,9.5,9.3,9.3,9,9.4,9.6,10,10.1,10.3,10.9,10.1,10,9.9,10,10,9.8,9.7,9.7,9.6,..,..
Honduras,HND,"Suicide mortality rate (per 100,000 population)",SH.STA.SUIC.P5,..,..,..,..,..,..,..,..,..,..,..,..,..,..,..,..,..,..,..,..,..,..,..,..,..,..,..,..,..,..,..,..,..,..,..,..,..,..,..,..,2.1,2.1,2.1,2.2,2.1,2.2,2.2,2.1,2.1,2,2,1.9,3.3,3.2,3.4,4,2,2.1,2,2.1,..,..
"Hong Kong SAR, China",HKG,"Suicide mortality rate (per 100,000 population)",SH.STA.SUIC.P5,..,..,..,..,..,..,..,..,..,..,..,..,..,..,..,..,..,..,..,..,..,..,..,..,..,..,..,..,..,..,..,..,..,..,..,..,..,..,..,..,..,..,..,..,..,..,..,..,..,..,..,..,..,..,..,..,..,..,..,..,..,..
Hungary,HUN,"Suicide mortality rate (per 100,000 population)",SH.STA.SUIC.P5,..,..,..,..,..,..,..,..,..,..,..,..,..,..,..,..,..,..,..,..,..,..,..,..,..,..,..,..,..,..,..,..,..,..,..,..,..,..,..,..,33.4,29.8,28.6,28,27.5,26.4,24.9,25,25.4,25.4,25.5,25.1,24.8,22.1,20.4,19.9,18.7,17.5,17.7,16.6,..,..
Iceland,ISL,"Suicide mortality rate (per 100,000 population)",SH.STA.SUIC.P5,..,..,..,..,..,..,..,..,..,..,..,..,..,..,..,..,..,..,..,..,..,..,..,..,..,..,..,..,..,..,..,..,..,..,..,..,..,..,..,..,13.1,12.8,12.2,12.5,12.4,11.8,12.5,14.8,14.8,14.3,12.8,11.6,13.5,13.9,15.7,14.3,13,12.2,10.8,11.9,..,..
India,IND,"Suicide mortality rate (per 100,000 population)",SH.STA.SUIC.P5,..,..,..,..,..,..,..,..,..,..,..,..,..,..,..,..,..,..,..,..,..,..,..,..,..,..,..,..,..,..,..,..,..,..,..,..,..,..,..,..,17,16.6,16.1,15.3,15.2,15.5,15.6,15.3,15.1,14.5,14.6,14.7,14.3,13.7,12.8,12.3,12.1,12,12.6,12.7,..,..
Indonesia,IDN,"Suicide mortality rate (per 100,000 population)",SH.STA.SUIC.P5,..,..,..,..,..,..,..,..,..,..,..,..,..,..,..,..,..,..,..,..,..,..,..,..,..,..,..,..,..,..,..,..,..,..,..,..,..,..,..,..,3.5,3.4,3.3,3.2,3.2,3,2.9,2.9,2.8,2.7,2.6,2.6,2.5,2.5,2.4,2.4,2.4,2.4,2.4,2.4,..,..
"Iran, Islamic Rep.",IRN,"Suicide mortality rate (per 100,000 population)",SH.STA.SUIC.P5,..,..,..,..,..,..,..,..,..,..,..,..,..,..,..,..,..,..,..,..,..,..,..,..,..,..,..,..,..,..,..,..,..,..,..,..,..,..,..,..,8,7.8,7.5,7,6.7,6.3,6,6.4,6.2,6.2,6.3,6.8,6.7,6.6,6.5,6.3,6.2,6,5.7,5.2,..,..
Iraq,IRQ,"Suicide mortality rate (per 100,000 population)",SH.STA.SUIC.P5,..,..,..,..,..,..,..,..,..,..,..,..,..,..,..,..,..,..,..,..,..,..,..,..,..,..,..,..,..,..,..,..,..,..,..,..,..,..,..,..,3.8,3.8,3.8,3.8,3.8,3.8,3.8,3.7,3.6,3.7,3.9,4.1,4.1,4.2,4.1,4.1,4,3.9,3.7,3.6,..,..
Ireland,IRL,"Suicide mortality rate (per 100,000 population)",SH.STA.SUIC.P5,..,..,..,..,..,..,..,..,..,..,..,..,..,..,..,..,..,..,..,..,..,..,..,..,..,..,..,..,..,..,..,..,..,..,..,..,..,..,..,..,12.7,13.2,12.2,12.1,11.9,11.8,10.9,11.5,12.2,14,11.9,12.5,12.4,11.4,11,9.3,10,10,9.9,9.6,..,..
Isle of Man,IMN,"Suicide mortality rate (per 100,000 population)",SH.STA.SUIC.P5,..,..,..,..,..,..,..,..,..,..,..,..,..,..,..,..,..,..,..,..,..,..,..,..,..,..,..,..,..,..,..,..,..,..,..,..,..,..,..,..,..,..,..,..,..,..,..,..,..,..,..,..,..,..,..,..,..,..,..,..,..,..
Israel,ISR,"Suicide mortality rate (per 100,000 population)",SH.STA.SUIC.P5,..,..,..,..,..,..,..,..,..,..,..,..,..,..,..,..,..,..,..,..,..,..,..,..,..,..,..,..,..,..,..,..,..,..,..,..,..,..,..,..,6.8,6.4,5.9,6.4,6.1,6.7,5.5,5.2,5.3,6,6.7,5.7,6.1,5.2,5.1,4.5,5.2,5.1,5.4,5.3,..,..
Italy,ITA,"Suicide mortality rate (per 100,000 population)",SH.STA.SUIC.P5,..,..,..,..,..,..,..,..,..,..,..,..,..,..,..,..,..,..,..,..,..,..,..,..,..,..,..,..,..,..,..,..,..,..,..,..,..,..,..,..,7.5,7.3,7.4,7.4,7.2,6.7,6.7,6.7,6.9,7,6.9,7.4,7.6,7.5,7.2,7.1,6.6,7.1,6.7,6.7,..,..
Jamaica,JAM,"Suicide mortality rate (per 100,000 population)",SH.STA.SUIC.P5,..,..,..,..,..,..,..,..,..,..,..,..,..,..,..,..,..,..,..,..,..,..,..,..,..,..,..,..,..,..,..,..,..,..,..,..,..,..,..,..,1.9,1.9,1.8,1.7,1.6,1.5,1.5,1.8,2.2,2.3,1.9,2.2,2.1,2,2.2,2.2,2.2,2.3,2.3,2.4,..,..
Japan,JPN,"Suicide mortality rate (per 100,000 population)",SH.STA.SUIC.P5,..,..,..,..,..,..,..,..,..,..,..,..,..,..,..,..,..,..,..,..,..,..,..,..,..,..,..,..,..,..,..,..,..,..,..,..,..,..,..,..,23.9,23.2,23.8,25.6,24.1,24.3,23.9,25,24.4,24.9,24.1,23.4,21.6,21.4,20.1,19.1,17.5,17,16.7,15.3,..,..
Jordan,JOR,"Suicide mortality rate (per 100,000 population)",SH.STA.SUIC.P5,..,..,..,..,..,..,..,..,..,..,..,..,..,..,..,..,..,..,..,..,..,..,..,..,..,..,..,..,..,..,..,..,..,..,..,..,..,..,..,..,2.5,2.4,2.3,2.3,2.2,2,1.9,1.7,1.7,1.6,1.5,1.5,1.5,1.5,1.5,1.5,1.5,1.5,1.6,1.6,..,..
Kazakhstan,KAZ,"Suicide mortality rate (per 100,000 population)",SH.STA.SUIC.P5,..,..,..,..,..,..,..,..,..,..,..,..,..,..,..,..,..,..,..,..,..,..,..,..,..,..,..,..,..,..,..,..,..,..,..,..,..,..,..,..,38.7,39,38.2,39.2,39.7,39.2,38,38,34.6,30.3,29.9,28.7,27.6,26.3,24.2,23.2,21.7,20.8,19,17.6,..,..
Kenya,KEN,"Suicide mortality rate (per 100,000 population)",SH.STA.SUIC.P5,..,..,..,..,..,..,..,..,..,..,..,..,..,..,..,..,..,..,..,..,..,..,..,..,..,..,..,..,..,..,..,..,..,..,..,..,..,..,..,..,7.6,6.9,6.4,6.1,5.7,6,6,6.3,6.2,6,6,5.9,5.9,5.9,5.7,5.5,5.4,5.6,6,6.1,..,..
Kiribati,KIR,"Suicide mortality rate (per 100,000 population)",SH.STA.SUIC.P5,..,..,..,..,..,..,..,..,..,..,..,..,..,..,..,..,..,..,..,..,..,..,..,..,..,..,..,..,..,..,..,..,..,..,..,..,..,..,..,..,31.2,31.1,30.9,29.4,29.3,30.1,29.4,30.9,31.5,30.9,30.7,30.8,30,30.5,29.8,29.7,29.5,29.6,28.1,28.3,..,..
"Korea, Dem. People's Rep.",PRK,"Suicide mortality rate (per 100,000 population)",SH.STA.SUIC.P5,..,..,..,..,..,..,..,..,..,..,..,..,..,..,..,..,..,..,..,..,..,..,..,..,..,..,..,..,..,..,..,..,..,..,..,..,..,..,..,..,9.8,9.5,9.5,9.2,9,8.9,8.9,9,9.4,9.4,9.5,9.7,9.7,9.9,10,10.5,10.4,9.8,9.3,9.4,..,..
"Korea, Rep.",KOR,"Suicide mortality rate (per 100,000 population)",SH.STA.SUIC.P5,..,..,..,..,..,..,..,..,..,..,..,..,..,..,..,..,..,..,..,..,..,..,..,..,..,..,..,..,..,..,..,..,..,..,..,..,..,..,..,..,14.5,15.6,19,24.1,25.4,26.7,23.7,26.7,28.6,34.2,34,34.5,30.2,30.6,29,28,27.2,25.8,28.6,28.6,..,..
Kosovo,XKX,"Suicide mortality rate (per 100,000 population)",SH.STA.SUIC.P5,..,..,..,..,..,..,..,..,..,..,..,..,..,..,..,..,..,..,..,..,..,..,..,..,..,..,..,..,..,..,..,..,..,..,..,..,..,..,..,..,..,..,..,..,..,..,..,..,..,..,..,..,..,..,..,..,..,..,..,..,..,..
Kuwait,KWT,"Suicide mortality rate (per 100,000 population)",SH.STA.SUIC.P5,..,..,..,..,..,..,..,..,..,..,..,..,..,..,..,..,..,..,..,..,..,..,..,..,..,..,..,..,..,..,..,..,..,..,..,..,..,..,..,..,3,2.6,2.8,2.6,2.7,2.6,2.7,2.6,2.9,2.7,2.5,2.3,2.4,2.4,2.5,2.6,2.6,2.7,2.8,2.9,..,..
Kyrgyz Republic,KGZ,"Suicide mortality rate (per 100,000 population)",SH.STA.SUIC.P5,..,..,..,..,..,..,..,..,..,..,..,..,..,..,..,..,..,..,..,..,..,..,..,..,..,..,..,..,..,..,..,..,..,..,..,..,..,..,..,..,14.8,14.1,14,13.2,12.6,13.2,13.1,12.6,12.3,11.9,11.4,11.3,10.9,10.5,10.5,9.9,8.6,8.3,8,7.4,..,..
Lao PDR,LAO,"Suicide mortality rate (per 100,000 population)",SH.STA.SUIC.P5,..,..,..,..,..,..,..,..,..,..,..,..,..,..,..,..,..,..,..,..,..,..,..,..,..,..,..,..,..,..,..,..,..,..,..,..,..,..,..,..,6.9,6.9,6.7,6.5,6.5,6.5,6.4,6.3,6.3,6.1,6,5.9,5.7,5.7,5.5,5.6,5.6,5.6,5.6,5.4,..,..
Latvia,LVA,"Suicide mortality rate (per 100,000 population)",SH.STA.SUIC.P5,..,..,..,..,..,..,..,..,..,..,..,..,..,..,..,..,..,..,..,..,..,..,..,..,..,..,..,..,..,..,..,..,..,..,..,..,..,..,..,..,34.7,32.2,31.5,29.1,26.8,26.5,23.2,20.9,26.4,26.3,22.5,22.7,23.5,20.6,20.7,21.6,21.3,21.4,18.1,20.1,..,..
Lebanon,LBN,"Suicide mortality rate (per 100,000 population)",SH.STA.SUIC.P5,..,..,..,..,..,..,..,..,..,..,..,..,..,..,..,..,..,..,..,..,..,..,..,..,..,..,..,..,..,..,..,..,..,..,..,..,..,..,..,..,2.8,2.7,2.7,2.6,2.7,2.7,2.5,2.9,2.9,3,3,3,3,3,2.8,2.8,2.7,3,2.5,2.8,..,..
Lesotho,LSO,"Suicide mortality rate (per 100,000 population)",SH.STA.SUIC.P5,..,..,..,..,..,..,..,..,..,..,..,..,..,..,..,..,..,..,..,..,..,..,..,..,..,..,..,..,..,..,..,..,..,..,..,..,..,..,..,..,28.6,27.3,29.2,31.9,33.5,33.6,40.3,45,57.8,63.3,65.4,69.5,79.1,87.6,92.6,92.4,87,78.3,76.6,72.4,..,..
Liberia,LBR,"Suicide mortality rate (per 100,000 population)",SH.STA.SUIC.P5,..,..,..,..,..,..,..,..,..,..,..,..,..,..,..,..,..,..,..,..,..,..,..,..,..,..,..,..,..,..,..,..,..,..,..,..,..,..,..,..,5.1,4.8,4.8,4.8,4.8,4.7,4.8,4.9,4.8,4.8,4.9,5,5,4.9,4.9,4.5,4.5,4.5,4.4,4.5,..,..
Libya,LBY,"Suicide mortality rate (per 100,000 population)",SH.STA.SUIC.P5,..,..,..,..,..,..,..,..,..,..,..,..,..,..,..,..,..,..,..,..,..,..,..,..,..,..,..,..,..,..,..,..,..,..,..,..,..,..,..,..,4.9,5.1,5.2,5.1,4.4,4.3,4.2,4.9,5.4,5.7,5.6,5.1,5.7,4.8,6.3,5.6,5,5.5,5.8,4.5,..,..
Liechtenstein,LIE,"Suicide mortality rate (per 100,000 population)",SH.STA.SUIC.P5,..,..,..,..,..,..,..,..,..,..,..,..,..,..,..,..,..,..,..,..,..,..,..,..,..,..,..,..,..,..,..,..,..,..,..,..,..,..,..,..,..,..,..,..,..,..,..,..,..,..,..,..,..,..,..,..,..,..,..,..,..,..
Lithuania,LTU,"Suicide mortality rate (per 100,000 population)",SH.STA.SUIC.P5,..,..,..,..,..,..,..,..,..,..,..,..,..,..,..,..,..,..,..,..,..,..,..,..,..,..,..,..,..,..,..,..,..,..,..,..,..,..,..,..,50.1,47.1,47,45.4,43.3,42.7,35.2,34.5,37.8,39.2,37.2,38.1,35,40.5,35.6,34.9,32.8,29.7,27.4,26.1,..,..
Luxembourg,LUX,"Suicide mortality rate (per 100,000 population)",SH.STA.SUIC.P5,..,..,..,..,..,..,..,..,..,..,..,..,..,..,..,..,..,..,..,..,..,..,..,..,..,..,..,..,..,..,..,..,..,..,..,..,..,..,..,..,16.1,16.7,16.1,15.3,12.1,13.4,15.2,14,13.4,11.3,12,11.9,11.3,11.3,12.7,12.2,10.2,9.8,10.6,11.3,..,..
"Macao SAR, China",MAC,"Suicide mortality rate (per 100,000 population)",SH.STA.SUIC.P5,..,..,..,..,..,..,..,..,..,..,..,..,..,..,..,..,..,..,..,..,..,..,..,..,..,..,..,..,..,..,..,..,..,..,..,..,..,..,..,..,..,..,..,..,..,..,..,..,..,..,..,..,..,..,..,..,..,..,..,..,..,..
Madagascar,MDG,"Suicide mortality rate (per 100,000 population)",SH.STA.SUIC.P5,..,..,..,..,..,..,..,..,..,..,..,..,..,..,..,..,..,..,..,..,..,..,..,..,..,..,..,..,..,..,..,..,..,..,..,..,..,..,..,..,5.8,5.7,5.8,5.9,5.9,5.8,5.8,5.7,5.7,5.7,5.7,5.7,5.6,5.6,5.6,5.5,5.5,5.5,5.5,5.5,..,..
Malawi,MWI,"Suicide mortality rate (per 100,000 population)",SH.STA.SUIC.P5,..,..,..,..,..,..,..,..,..,..,..,..,..,..,..,..,..,..,..,..,..,..,..,..,..,..,..,..,..,..,..,..,..,..,..,..,..,..,..,..,10.8,9.8,8.8,8.2,7.8,7.2,7.5,7.8,7.6,8,8.2,7.3,6.8,6.4,6.3,6.2,6.1,5.9,5.6,5.4,..,..
Malaysia,MYS,"Suicide mortality rate (per 100,000 population)",SH.STA.SUIC.P5,..,..,..,..,..,..,..,..,..,..,..,..,..,..,..,..,..,..,..,..,..,..,..,..,..,..,..,..,..,..,..,..,..,..,..,..,..,..,..,..,4.7,4.5,4.5,4.7,4.7,4.6,4.5,4.4,4.5,4.6,4.5,4.6,4.6,4.4,4.6,4.8,5.1,5.4,5.4,5.7,..,..
Maldives,MDV,"Suicide mortality rate (per 100,000 population)",SH.STA.SUIC.P5,..,..,..,..,..,..,..,..,..,..,..,..,..,..,..,..,..,..,..,..,..,..,..,..,..,..,..,..,..,..,..,..,..,..,..,..,..,..,..,..,3.8,3.7,3.5,3.5,2.9,3,3.1,3,3.1,2.9,2.7,2.6,2.6,2.6,2.7,2.8,3.1,3.1,2.9,2.7,..,..
Mali,MLI,"Suicide mortality rate (per 100,000 population)",SH.STA.SUIC.P5,..,..,..,..,..,..,..,..,..,..,..,..,..,..,..,..,..,..,..,..,..,..,..,..,..,..,..,..,..,..,..,..,..,..,..,..,..,..,..,..,4.8,4.7,4.7,4.6,4.5,4.6,4.5,4.6,4.6,4.6,4.5,4.5,4.5,4.5,4.4,4.3,4.2,4.1,4.1,4.1,..,..
Malta,MLT,"Suicide mortality rate (per 100,000 population)",SH.STA.SUIC.P5,..,..,..,..,..,..,..,..,..,..,..,..,..,..,..,..,..,..,..,..,..,..,..,..,..,..,..,..,..,..,..,..,..,..,..,..,..,..,..,..,6.8,7.2,5.7,5.4,5.9,5.6,6.8,5.5,6.4,6.9,7.5,6.8,6,6.8,7.1,7.2,5.8,5.5,6,6.1,..,..
Marshall Islands,MHL,"Suicide mortality rate (per 100,000 population)",SH.STA.SUIC.P5,..,..,..,..,..,..,..,..,..,..,..,..,..,..,..,..,..,..,..,..,..,..,..,..,..,..,..,..,..,..,..,..,..,..,..,..,..,..,..,..,..,..,..,..,..,..,..,..,..,..,..,..,..,..,..,..,..,..,..,..,..,..
Mauritania,MRT,"Suicide mortality rate (per 100,000 population)",SH.STA.SUIC.P5,..,..,..,..,..,..,..,..,..,..,..,..,..,..,..,..,..,..,..,..,..,..,..,..,..,..,..,..,..,..,..,..,..,..,..,..,..,..,..,..,3.5,3.4,3.4,3.3,3.3,3.2,3.2,3.2,3.1,3.1,3.1,3,3.1,3.1,3.1,3,3,3.1,3.1,3.1,..,..
Mauritius,MUS,"Suicide mortality rate (per 100,000 population)",SH.STA.SUIC.P5,..,..,..,..,..,..,..,..,..,..,..,..,..,..,..,..,..,..,..,..,..,..,..,..,..,..,..,..,..,..,..,..,..,..,..,..,..,..,..,..,11.8,10.1,11.3,7.7,8.2,9,9.2,10.3,6.7,9.1,7.8,9,9.6,8.2,10.2,7.9,8.1,9.6,8.7,9.5,..,..
Mexico,MEX,"Suicide mortality rate (per 100,000 population)",SH.STA.SUIC.P5,..,..,..,..,..,..,..,..,..,..,..,..,..,..,..,..,..,..,..,..,..,..,..,..,..,..,..,..,..,..,..,..,..,..,..,..,..,..,..,..,3.5,3.8,3.9,4,4,4.1,4,4.1,4.4,4.6,4.5,5.2,4.9,5.2,5.7,5.6,5.6,5.9,5.4,5.3,..,..
"Micronesia, Fed. Sts.",FSM,"Suicide mortality rate (per 100,000 population)",SH.STA.SUIC.P5,..,..,..,..,..,..,..,..,..,..,..,..,..,..,..,..,..,..,..,..,..,..,..,..,..,..,..,..,..,..,..,..,..,..,..,..,..,..,..,..,24,23.4,22.5,22.8,23.8,24.6,24.6,24.4,24.5,24.5,24.5,25.2,25.5,25.6,25.8,27,27,27.7,28.2,28.2,..,..
Moldova,MDA,"Suicide mortality rate (per 100,000 population)",SH.STA.SUIC.P5,..,..,..,..,..,..,..,..,..,..,..,..,..,..,..,..,..,..,..,..,..,..,..,..,..,..,..,..,..,..,..,..,..,..,..,..,..,..,..,..,17.2,18.6,17.7,18.5,18.3,19.4,19.7,17.2,19.1,19.7,20.5,15.3,17,17,17.2,16.2,15.9,14.9,14.4,14.7,..,..
Monaco,MCO,"Suicide mortality rate (per 100,000 population)",SH.STA.SUIC.P5,..,..,..,..,..,..,..,..,..,..,..,..,..,..,..,..,..,..,..,..,..,..,..,..,..,..,..,..,..,..,..,..,..,..,..,..,..,..,..,..,..,..,..,..,..,..,..,..,..,..,..,..,..,..,..,..,..,..,..,..,..,..
Mongolia,MNG,"Suicide mortality rate (per 100,000 population)",SH.STA.SUIC.P5,..,..,..,..,..,..,..,..,..,..,..,..,..,..,..,..,..,..,..,..,..,..,..,..,..,..,..,..,..,..,..,..,..,..,..,..,..,..,..,..,22,22.3,21.7,23.1,23.7,24,23.7,23.6,23.8,23.6,23.4,22.7,21.7,21,20,20,20.1,19.2,18.6,17.9,..,..
Montenegro,MNE,"Suicide mortality rate (per 100,000 population)",SH.STA.SUIC.P5,..,..,..,..,..,..,..,..,..,..,..,..,..,..,..,..,..,..,..,..,..,..,..,..,..,..,..,..,..,..,..,..,..,..,..,..,..,..,..,..,20.8,19.9,20.2,20.9,21.2,21.7,22.3,21,20.9,20.9,20.3,20.9,21,20.4,20.6,20.7,20.8,21.1,21.2,21,..,..
Morocco,MAR,"Suicide mortality rate (per 100,000 population)",SH.STA.SUIC.P5,..,..,..,..,..,..,..,..,..,..,..,..,..,..,..,..,..,..,..,..,..,..,..,..,..,..,..,..,..,..,..,..,..,..,..,..,..,..,..,..,9.9,9.9,9.6,9.6,9.5,9.4,9.3,9.3,9.3,9.2,9.2,9.2,8.9,8,7.7,7.4,7.2,7.1,7.2,7.2,..,..
Mozambique,MOZ,"Suicide mortality rate (per 100,000 population)",SH.STA.SUIC.P5,..,..,..,..,..,..,..,..,..,..,..,..,..,..,..,..,..,..,..,..,..,..,..,..,..,..,..,..,..,..,..,..,..,..,..,..,..,..,..,..,12.5,12.4,12.3,12.3,12.4,12.6,12.6,12.6,13.5,14.5,14.9,15.3,15.7,15.3,14.4,13.9,13.6,13.4,13.5,13.6,..,..
Myanmar,MMR,"Suicide mortality rate (per 100,000 population)",SH.STA.SUIC.P5,..,..,..,..,..,..,..,..,..,..,..,..,..,..,..,..,..,..,..,..,..,..,..,..,..,..,..,..,..,..,..,..,..,..,..,..,..,..,..,..,4.7,4.4,4.4,4.3,4.2,4.1,4.1,3.9,3.6,3.6,3.5,3.4,3.3,3.3,3.2,3.2,3.2,3,2.9,2.9,..,..
Namibia,NAM,"Suicide mortality rate (per 100,000 population)",SH.STA.SUIC.P5,..,..,..,..,..,..,..,..,..,..,..,..,..,..,..,..,..,..,..,..,..,..,..,..,..,..,..,..,..,..,..,..,..,..,..,..,..,..,..,..,19.3,18.8,18.7,18.2,16.7,17.8,17.7,17.3,14.1,13.1,12.9,11.4,10.2,10.2,10.9,11.6,10.7,10.9,9.9,9.7,..,..
Nauru,NRU,"Suicide mortality rate (per 100,000 population)",SH.STA.SUIC.P5,..,..,..,..,..,..,..,..,..,..,..,..,..,..,..,..,..,..,..,..,..,..,..,..,..,..,..,..,..,..,..,..,..,..,..,..,..,..,..,..,..,..,..,..,..,..,..,..,..,..,..,..,..,..,..,..,..,..,..,..,..,..
Nepal,NPL,"Suicide mortality rate (per 100,000 population)",SH.STA.SUIC.P5,..,..,..,..,..,..,..,..,..,..,..,..,..,..,..,..,..,..,..,..,..,..,..,..,..,..,..,..,..,..,..,..,..,..,..,..,..,..,..,..,8.5,8.1,8,7.8,7.7,7.9,7.7,8,8.3,8.5,8.7,8.9,8.9,8.7,8.5,8.5,8.5,8.7,8.8,9,..,..
Netherlands,NLD,"Suicide mortality rate (per 100,000 population)",SH.STA.SUIC.P5,..,..,..,..,..,..,..,..,..,..,..,..,..,..,..,..,..,..,..,..,..,..,..,..,..,..,..,..,..,..,..,..,..,..,..,..,..,..,..,..,9.6,9.6,10,9.6,9.7,9.8,9.6,8.4,9,9.5,9.8,10.1,10.7,11.8,11.6,11.8,11.9,12.1,11.4,11.8,..,..
New Caledonia,NCL,"Suicide mortality rate (per 100,000 population)",SH.STA.SUIC.P5,..,..,..,..,..,..,..,..,..,..,..,..,..,..,..,..,..,..,..,..,..,..,..,..,..,..,..,..,..,..,..,..,..,..,..,..,..,..,..,..,..,..,..,..,..,..,..,..,..,..,..,..,..,..,..,..,..,..,..,..,..,..
New Zealand,NZL,"Suicide mortality rate (per 100,000 population)",SH.STA.SUIC.P5,..,..,..,..,..,..,..,..,..,..,..,..,..,..,..,..,..,..,..,..,..,..,..,..,..,..,..,..,..,..,..,..,..,..,..,..,..,..,..,..,12.5,13.9,12.5,13.7,12.6,12.9,13.1,12.3,12.4,11.5,12.6,11.4,12.7,12.2,11.3,11.7,12.2,12.7,11.4,11,..,..
Nicaragua,NIC,"Suicide mortality rate (per 100,000 population)",SH.STA.SUIC.P5,..,..,..,..,..,..,..,..,..,..,..,..,..,..,..,..,..,..,..,..,..,..,..,..,..,..,..,..,..,..,..,..,..,..,..,..,..,..,..,..,5.5,5.2,5,5.6,5.4,5.2,4.6,4.9,5.1,5,4.8,5.5,4.4,5.3,4.5,4.2,4.4,4.4,4.5,4.4,..,..
Niger,NER,"Suicide mortality rate (per 100,000 population)",SH.STA.SUIC.P5,..,..,..,..,..,..,..,..,..,..,..,..,..,..,..,..,..,..,..,..,..,..,..,..,..,..,..,..,..,..,..,..,..,..,..,..,..,..,..,..,5,5.1,5.1,5.2,5.1,5.3,5.2,5.3,5.2,5.3,5.3,5.4,5.5,5.5,5.5,5.4,5.3,5.3,5.3,5.3,..,..
Nigeria,NGA,"Suicide mortality rate (per 100,000 population)",SH.STA.SUIC.P5,..,..,..,..,..,..,..,..,..,..,..,..,..,..,..,..,..,..,..,..,..,..,..,..,..,..,..,..,..,..,..,..,..,..,..,..,..,..,..,..,4.9,4.9,4.8,4.8,4.8,4.8,4.7,4.7,4.6,4.5,4.4,4.4,4.2,4.1,3.9,3.7,3.7,3.6,3.5,3.5,..,..
North Macedonia,MKD,"Suicide mortality rate (per 100,000 population)",SH.STA.SUIC.P5,..,..,..,..,..,..,..,..,..,..,..,..,..,..,..,..,..,..,..,..,..,..,..,..,..,..,..,..,..,..,..,..,..,..,..,..,..,..,..,..,9.3,12.8,9.7,9.1,10.6,8.6,9.7,9.4,9.4,9.7,7.1,7.4,10,9.7,9.3,9.2,9.3,9.3,9.4,9.4,..,..
Northern Mariana Islands,MNP,"Suicide mortality rate (per 100,000 population)",SH.STA.SUIC.P5,..,..,..,..,..,..,..,..,..,..,..,..,..,..,..,..,..,..,..,..,..,..,..,..,..,..,..,..,..,..,..,..,..,..,..,..,..,..,..,..,..,..,..,..,..,..,..,..,..,..,..,..,..,..,..,..,..,..,..,..,..,..
Norway,NOR,"Suicide mortality rate (per 100,000 population)",SH.STA.SUIC.P5,..,..,..,..,..,..,..,..,..,..,..,..,..,..,..,..,..,..,..,..,..,..,..,..,..,..,..,..,..,..,..,..,..,..,..,..,..,..,..,..,13.9,14.2,12.1,11.8,12.8,12.4,12.8,11.8,11.8,13,12.4,13.3,11.4,11.8,11.6,12.5,12.6,12.1,12,11.8,..,..
Oman,OMN,"Suicide mortality rate (per 100,000 population)",SH.STA.SUIC.P5,..,..,..,..,..,..,..,..,..,..,..,..,..,..,..,..,..,..,..,..,..,..,..,..,..,..,..,..,..,..,..,..,..,..,..,..,..,..,..,..,6.2,6.2,5.9,6.1,5.9,6,6.5,6.8,6.8,6.5,6.7,6.1,5.4,5.3,5.1,5,4.7,4.7,4.7,4.9,..,..
Pakistan,PAK,"Suicide mortality rate (per 100,000 population)",SH.STA.SUIC.P5,..,..,..,..,..,..,..,..,..,..,..,..,..,..,..,..,..,..,..,..,..,..,..,..,..,..,..,..,..,..,..,..,..,..,..,..,..,..,..,..,8.8,8.9,9.1,9.1,9.2,9,9.2,9.1,9,8.8,8.8,8.7,8.8,8.9,8.9,9,9.1,9.1,8.9,8.9,..,..
Palau,PLW,"Suicide mortality rate (per 100,000 population)",SH.STA.SUIC.P5,..,..,..,..,..,..,..,..,..,..,..,..,..,..,..,..,..,..,..,..,..,..,..,..,..,..,..,..,..,..,..,..,..,..,..,..,..,..,..,..,..,..,..,..,..,..,..,..,..,..,..,..,..,..,..,..,..,..,..,..,..,..
Panama,PAN,"Suicide mortality rate (per 100,000 population)",SH.STA.SUIC.P5,..,..,..,..,..,..,..,..,..,..,..,..,..,..,..,..,..,..,..,..,..,..,..,..,..,..,..,..,..,..,..,..,..,..,..,..,..,..,..,..,5.4,5.7,5.3,5.9,5.8,5,5.7,4.9,5.4,4.8,4.2,3.8,3.6,3.4,4.1,2.9,3.3,3.2,2.9,2.9,..,..
Papua New Guinea,PNG,"Suicide mortality rate (per 100,000 population)",SH.STA.SUIC.P5,..,..,..,..,..,..,..,..,..,..,..,..,..,..,..,..,..,..,..,..,..,..,..,..,..,..,..,..,..,..,..,..,..,..,..,..,..,..,..,..,2.1,2.3,2.3,2.4,2.4,2.4,2.4,2.5,2.5,2.4,2.6,2.6,2.7,2.7,2.9,3,3,2.8,2.9,3,..,..
Paraguay,PRY,"Suicide mortality rate (per 100,000 population)",SH.STA.SUIC.P5,..,..,..,..,..,..,..,..,..,..,..,..,..,..,..,..,..,..,..,..,..,..,..,..,..,..,..,..,..,..,..,..,..,..,..,..,..,..,..,..,3.1,3.1,3.6,3.4,4.2,4.4,4.2,3.8,3.6,4.4,3.5,4.6,4.6,4.9,5.9,5.7,5.3,6.1,6,6,..,..
Peru,PER,"Suicide mortality rate (per 100,000 population)",SH.STA.SUIC.P5,..,..,..,..,..,..,..,..,..,..,..,..,..,..,..,..,..,..,..,..,..,..,..,..,..,..,..,..,..,..,..,..,..,..,..,..,..,..,..,..,3.1,2.9,2.9,3,2.8,2.7,2.7,2.6,2.7,3.3,3.5,3.3,3.2,3.1,2.9,2.7,2.6,2.7,2.8,2.8,..,..
Philippines,PHL,"Suicide mortality rate (per 100,000 population)",SH.STA.SUIC.P5,..,..,..,..,..,..,..,..,..,..,..,..,..,..,..,..,..,..,..,..,..,..,..,..,..,..,..,..,..,..,..,..,..,..,..,..,..,..,..,..,1.8,1.5,1.7,1.8,1.8,1.9,2,1.9,2,2.3,2.4,2.7,2.4,2.4,2.3,2.3,2.2,2.2,2.2,2.2,..,..
Poland,POL,"Suicide mortality rate (per 100,000 population)",SH.STA.SUIC.P5,..,..,..,..,..,..,..,..,..,..,..,..,..,..,..,..,..,..,..,..,..,..,..,..,..,..,..,..,..,..,..,..,..,..,..,..,..,..,..,..,17,17.2,17.3,17,17.6,17.7,17.1,15.7,17,19.2,18.6,18,18.5,18.2,17.4,15.9,13.8,13.3,12.7,11.3,..,..
Portugal,PRT,"Suicide mortality rate (per 100,000 population)",SH.STA.SUIC.P5,..,..,..,..,..,..,..,..,..,..,..,..,..,..,..,..,..,..,..,..,..,..,..,..,..,..,..,..,..,..,..,..,..,..,..,..,..,..,..,..,7.6,8.8,12.5,11.9,10.6,11.4,11.5,12.6,13.1,13.1,13.6,12.3,13.5,12.5,14.2,13.2,11.4,12,11.7,11.5,..,..
Puerto Rico,PRI,"Suicide mortality rate (per 100,000 population)",SH.STA.SUIC.P5,..,..,..,..,..,..,..,..,..,..,..,..,..,..,..,..,..,..,..,..,..,..,..,..,..,..,..,..,..,..,..,..,..,..,..,..,..,..,..,..,..,..,..,..,..,..,..,..,..,..,..,..,..,..,..,..,..,..,..,..,..,..
Qatar,QAT,"Suicide mortality rate (per 100,000 population)",SH.STA.SUIC.P5,..,..,..,..,..,..,..,..,..,..,..,..,..,..,..,..,..,..,..,..,..,..,..,..,..,..,..,..,..,..,..,..,..,..,..,..,..,..,..,..,7.8,8,7.8,7.4,7.2,6.8,6.8,8.4,8.3,8.4,8.2,8,7.4,6.7,6.3,6.1,6.1,5.8,5.8,5.8,..,..
Romania,ROU,"Suicide mortality rate (per 100,000 population)",SH.STA.SUIC.P5,..,..,..,..,..,..,..,..,..,..,..,..,..,..,..,..,..,..,..,..,..,..,..,..,..,..,..,..,..,..,..,..,..,..,..,..,..,..,..,..,12.9,12.3,14.2,13.5,12.7,12.3,12.9,11.6,11.7,12.2,13.2,12.1,12.6,12.2,11.3,11.5,10.2,10.1,10.2,9.7,..,..
Russian Federation,RUS,"Suicide mortality rate (per 100,000 population)",SH.STA.SUIC.P5,..,..,..,..,..,..,..,..,..,..,..,..,..,..,..,..,..,..,..,..,..,..,..,..,..,..,..,..,..,..,..,..,..,..,..,..,..,..,..,..,53.8,52.4,52,51.6,50.1,49.8,44.8,41.7,40.7,38.4,38.1,35.9,34.4,33.5,33.8,32,31,28.2,27.1,25.1,..,..
Rwanda,RWA,"Suicide mortality rate (per 100,000 population)",SH.STA.SUIC.P5,..,..,..,..,..,..,..,..,..,..,..,..,..,..,..,..,..,..,..,..,..,..,..,..,..,..,..,..,..,..,..,..,..,..,..,..,..,..,..,..,15.8,14,12.5,11,9.6,8.8,8.4,8,7.5,7,6.6,6.2,6,5.8,5.8,5.7,5.7,5.6,5.6,5.6,..,..
Samoa,WSM,"Suicide mortality rate (per 100,000 population)",SH.STA.SUIC.P5,..,..,..,..,..,..,..,..,..,..,..,..,..,..,..,..,..,..,..,..,..,..,..,..,..,..,..,..,..,..,..,..,..,..,..,..,..,..,..,..,13.7,13.7,13.4,13.2,12.8,12.9,13,12.9,12.8,11,12.8,12.8,12.7,12.1,12.8,12.7,12.8,12.6,12.6,12.6,..,..
San Marino,SMR,"Suicide mortality rate (per 100,000 population)",SH.STA.SUIC.P5,..,..,..,..,..,..,..,..,..,..,..,..,..,..,..,..,..,..,..,..,..,..,..,..,..,..,..,..,..,..,..,..,..,..,..,..,..,..,..,..,..,..,..,..,..,..,..,..,..,..,..,..,..,..,..,..,..,..,..,..,..,..
Sao Tome and Principe,STP,"Suicide mortality rate (per 100,000 population)",SH.STA.SUIC.P5,..,..,..,..,..,..,..,..,..,..,..,..,..,..,..,..,..,..,..,..,..,..,..,..,..,..,..,..,..,..,..,..,..,..,..,..,..,..,..,..,1.4,1.5,1.6,1.3,1.5,1.3,1.5,1.6,1.6,1.5,1.5,1.4,1.5,1.5,1.5,1.5,1.5,1.5,1.5,1.5,..,..
Saudi Arabia,SAU,"Suicide mortality rate (per 100,000 population)",SH.STA.SUIC.P5,..,..,..,..,..,..,..,..,..,..,..,..,..,..,..,..,..,..,..,..,..,..,..,..,..,..,..,..,..,..,..,..,..,..,..,..,..,..,..,..,3.2,3.3,3.4,3.5,3.4,3.7,4,4.3,4.6,5,5.5,6.1,6.4,6.5,6.6,6.3,6.3,6.2,6.1,6,..,..
Senegal,SEN,"Suicide mortality rate (per 100,000 population)",SH.STA.SUIC.P5,..,..,..,..,..,..,..,..,..,..,..,..,..,..,..,..,..,..,..,..,..,..,..,..,..,..,..,..,..,..,..,..,..,..,..,..,..,..,..,..,7.8,7.6,7.5,7.4,7.3,7.2,7,6.7,6.8,6.7,6.6,6.5,6.5,6.5,6.5,6.4,6.3,6.2,6.1,6,..,..
Serbia,SRB,"Suicide mortality rate (per 100,000 population)",SH.STA.SUIC.P5,..,..,..,..,..,..,..,..,..,..,..,..,..,..,..,..,..,..,..,..,..,..,..,..,..,..,..,..,..,..,..,..,..,..,..,..,..,..,..,..,23.1,21.8,22.4,21.2,21.3,20.1,19.5,18.7,18,19.5,17.2,18,18.2,17.9,17,16.4,15.2,0.6,11.3,11.4,..,..
Seychelles,SYC,"Suicide mortality rate (per 100,000 population)",SH.STA.SUIC.P5,..,..,..,..,..,..,..,..,..,..,..,..,..,..,..,..,..,..,..,..,..,..,..,..,..,..,..,..,..,..,..,..,..,..,..,..,..,..,..,..,9.2,9.2,8.6,9,9.3,8.4,8.1,7.6,7.8,7.5,7.8,7.9,7.7,7.7,7.9,8,8,8.3,8.2,8.1,..,..
Sierra Leone,SLE,"Suicide mortality rate (per 100,000 population)",SH.STA.SUIC.P5,..,..,..,..,..,..,..,..,..,..,..,..,..,..,..,..,..,..,..,..,..,..,..,..,..,..,..,..,..,..,..,..,..,..,..,..,..,..,..,..,5.7,5.9,6,6.1,6.1,6,6.5,6.4,6.5,6.6,6.8,6.5,6.6,6.3,6.2,5.9,6.2,6.3,6.6,6.7,..,..
Singapore,SGP,"Suicide mortality rate (per 100,000 population)",SH.STA.SUIC.P5,..,..,..,..,..,..,..,..,..,..,..,..,..,..,..,..,..,..,..,..,..,..,..,..,..,..,..,..,..,..,..,..,..,..,..,..,..,..,..,..,12.4,11.3,12.4,12.1,11.7,11.2,11.7,10.7,10.4,10.5,9.9,9.6,11.3,10.3,10.2,9,9.1,9,9.4,11.2,..,..
Sint Maarten (Dutch part),SXM,"Suicide mortality rate (per 100,000 population)",SH.STA.SUIC.P5,..,..,..,..,..,..,..,..,..,..,..,..,..,..,..,..,..,..,..,..,..,..,..,..,..,..,..,..,..,..,..,..,..,..,..,..,..,..,..,..,..,..,..,..,..,..,..,..,..,..,..,..,..,..,..,..,..,..,..,..,..,..
Slovak Republic,SVK,"Suicide mortality rate (per 100,000 population)",SH.STA.SUIC.P5,..,..,..,..,..,..,..,..,..,..,..,..,..,..,..,..,..,..,..,..,..,..,..,..,..,..,..,..,..,..,..,..,..,..,..,..,..,..,..,..,14.2,13.9,14.6,15,13.9,13.7,14.5,14,12.7,13.1,13.6,12.9,12.6,12.3,12.9,12.4,12.3,12.3,12.2,12.1,..,..
Slovenia,SVN,"Suicide mortality rate (per 100,000 population)",SH.STA.SUIC.P5,..,..,..,..,..,..,..,..,..,..,..,..,..,..,..,..,..,..,..,..,..,..,..,..,..,..,..,..,..,..,..,..,..,..,..,..,..,..,..,..,32,30.9,29.1,29.7,28.7,26.8,27.9,22.9,20.6,22.5,20.7,21.6,22,22.2,19.6,21,19,20.9,17.8,19.8,..,..
Solomon Islands,SLB,"Suicide mortality rate (per 100,000 population)",SH.STA.SUIC.P5,..,..,..,..,..,..,..,..,..,..,..,..,..,..,..,..,..,..,..,..,..,..,..,..,..,..,..,..,..,..,..,..,..,..,..,..,..,..,..,..,14.4,14.1,14.3,14.6,13.8,14,14.1,15.2,15.8,15.8,15.7,15.7,15.6,15.4,15.3,15.2,15.1,15.1,15,14.7,..,..
Somalia,SOM,"Suicide mortality rate (per 100,000 population)",SH.STA.SUIC.P5,..,..,..,..,..,..,..,..,..,..,..,..,..,..,..,..,..,..,..,..,..,..,..,..,..,..,..,..,..,..,..,..,..,..,..,..,..,..,..,..,9.1,8.9,8.9,8.9,9.1,8.9,8.7,8.4,8.5,8.5,8.2,8.1,8.1,8.1,8.1,8,7.9,8,8,7.9,..,..
South Africa,ZAF,"Suicide mortality rate (per 100,000 population)",SH.STA.SUIC.P5,..,..,..,..,..,..,..,..,..,..,..,..,..,..,..,..,..,..,..,..,..,..,..,..,..,..,..,..,..,..,..,..,..,..,..,..,..,..,..,..,22.4,23,24.3,25.1,24.6,24.4,23.6,24.6,26.7,26.7,24.6,22.4,22.9,23.7,24.1,24.5,24.4,25.2,24.1,23.5,..,..
South Sudan,SSD,"Suicide mortality rate (per 100,000 population)",SH.STA.SUIC.P5,..,..,..,..,..,..,..,..,..,..,..,..,..,..,..,..,..,..,..,..,..,..,..,..,..,..,..,..,..,..,..,..,..,..,..,..,..,..,..,..,4.3,4,3.9,3.9,3.9,3.9,3.9,3.9,3.8,3.7,3.7,3.6,3.7,3.6,3.5,3.6,3.7,3.7,3.8,3.9,..,..
Spain,ESP,"Suicide mortality rate (per 100,000 population)",SH.STA.SUIC.P5,..,..,..,..,..,..,..,..,..,..,..,..,..,..,..,..,..,..,..,..,..,..,..,..,..,..,..,..,..,..,..,..,..,..,..,..,..,..,..,..,8.6,8,8.3,8.5,8.5,8,7.5,7.4,7.8,7.6,6.9,7.1,7.7,8.5,8.6,7.9,7.8,8.2,7.8,7.7,..,..
Sri Lanka,LKA,"Suicide mortality rate (per 100,000 population)",SH.STA.SUIC.P5,..,..,..,..,..,..,..,..,..,..,..,..,..,..,..,..,..,..,..,..,..,..,..,..,..,..,..,..,..,..,..,..,..,..,..,..,..,..,..,..,26.7,21.8,21,20.9,21.8,28.6,18.3,20,17.5,22.7,21.9,17.9,16.6,15.2,13.1,15.1,14.8,14.4,14.2,14,..,..
St. Kitts and Nevis,KNA,"Suicide mortality rate (per 100,000 population)",SH.STA.SUIC.P5,..,..,..,..,..,..,..,..,..,..,..,..,..,..,..,..,..,..,..,..,..,..,..,..,..,..,..,..,..,..,..,..,..,..,..,..,..,..,..,..,..,..,..,..,..,..,..,..,..,..,..,..,..,..,..,..,..,..,..,..,..,..
St. Lucia,LCA,"Suicide mortality rate (per 100,000 population)",SH.STA.SUIC.P5,..,..,..,..,..,..,..,..,..,..,..,..,..,..,..,..,..,..,..,..,..,..,..,..,..,..,..,..,..,..,..,..,..,..,..,..,..,..,..,..,7.2,7.3,6.8,7.2,6.9,7.1,7.6,7.1,8,7.2,7.9,7.2,8.7,8.3,8.9,8.7,7.4,7.9,8,7.9,..,..
St. Martin (French part),MAF,"Suicide mortality rate (per 100,000 population)",SH.STA.SUIC.P5,..,..,..,..,..,..,..,..,..,..,..,..,..,..,..,..,..,..,..,..,..,..,..,..,..,..,..,..,..,..,..,..,..,..,..,..,..,..,..,..,..,..,..,..,..,..,..,..,..,..,..,..,..,..,..,..,..,..,..,..,..,..
St. Vincent and the Grenadines,VCT,"Suicide mortality rate (per 100,000 population)",SH.STA.SUIC.P5,..,..,..,..,..,..,..,..,..,..,..,..,..,..,..,..,..,..,..,..,..,..,..,..,..,..,..,..,..,..,..,..,..,..,..,..,..,..,..,..,5.7,5.2,6.6,5.8,5.1,9.9,6.2,8.4,4.2,2.6,3,5.6,5.4,3.9,1.4,3.3,0.7,0,1,1,..,..
Sudan,SDN,"Suicide mortality rate (per 100,000 population)",SH.STA.SUIC.P5,..,..,..,..,..,..,..,..,..,..,..,..,..,..,..,..,..,..,..,..,..,..,..,..,..,..,..,..,..,..,..,..,..,..,..,..,..,..,..,..,4.3,4.2,4.2,4.1,4.1,4.2,4.1,4.1,4.1,4.1,4,4.1,4,4,3.9,3.9,3.9,3.8,3.9,3.8,..,..
Suriname,SUR,"Suicide mortality rate (per 100,000 population)",SH.STA.SUIC.P5,..,..,..,..,..,..,..,..,..,..,..,..,..,..,..,..,..,..,..,..,..,..,..,..,..,..,..,..,..,..,..,..,..,..,..,..,..,..,..,..,21.5,24.2,24.4,24.3,23.6,24.2,24.6,24.5,24.5,24.4,25.5,24.3,25.2,25.1,24.7,24.8,24.4,24.5,25.5,25.4,..,..
Sweden,SWE,"Suicide mortality rate (per 100,000 population)",SH.STA.SUIC.P5,..,..,..,..,..,..,..,..,..,..,..,..,..,..,..,..,..,..,..,..,..,..,..,..,..,..,..,..,..,..,..,..,..,..,..,..,..,..,..,..,15.1,16,15.5,14.4,14.8,15.7,15,14.5,15,15.7,14.7,14.2,15,15.9,14.8,15.7,14.6,15,14.9,14.7,..,..
Switzerland,CHE,"Suicide mortality rate (per 100,000 population)",SH.STA.SUIC.P5,..,..,..,..,..,..,..,..,..,..,..,..,..,..,..,..,..,..,..,..,..,..,..,..,..,..,..,..,..,..,..,..,..,..,..,..,..,..,..,..,20.2,19.6,20.9,18.7,18.5,19,18.8,19.5,18.8,16,14.5,14.6,14.7,15.1,14.7,15,14.1,14.6,14.5,14.5,..,..
Syrian Arab Republic,SYR,"Suicide mortality rate (per 100,000 population)",SH.STA.SUIC.P5,..,..,..,..,..,..,..,..,..,..,..,..,..,..,..,..,..,..,..,..,..,..,..,..,..,..,..,..,..,..,..,..,..,..,..,..,..,..,..,..,1.5,1.4,1.4,1.3,1.4,1.4,1.4,1.4,1.4,1.4,1.5,1.5,1.6,1.8,1.8,1.7,1.6,1.8,1.9,2,..,..
Tajikistan,TJK,"Suicide mortality rate (per 100,000 population)",SH.STA.SUIC.P5,..,..,..,..,..,..,..,..,..,..,..,..,..,..,..,..,..,..,..,..,..,..,..,..,..,..,..,..,..,..,..,..,..,..,..,..,..,..,..,..,3.8,3.6,3.5,3.4,3.5,3.6,3.6,3.7,3.8,3.9,4,4,4.1,4,4.1,4.1,4.3,4.2,4.2,4.3,..,..
Tanzania,TZA,"Suicide mortality rate (per 100,000 population)",SH.STA.SUIC.P5,..,..,..,..,..,..,..,..,..,..,..,..,..,..,..,..,..,..,..,..,..,..,..,..,..,..,..,..,..,..,..,..,..,..,..,..,..,..,..,..,8.9,7.9,7,6.4,5.8,5.4,5.3,5.4,5.8,5.5,5,4.8,4.3,4.4,4.2,4.2,4.2,4.2,4.2,4.3,..,..
Thailand,THA,"Suicide mortality rate (per 100,000 population)",SH.STA.SUIC.P5,..,..,..,..,..,..,..,..,..,..,..,..,..,..,..,..,..,..,..,..,..,..,..,..,..,..,..,..,..,..,..,..,..,..,..,..,..,..,..,..,12,10.9,11,10.7,10.5,9.1,8.9,8.4,8.1,8,8.1,8,7.9,7.5,7.8,8,8.5,8.4,8.8,8.8,..,..
Timor-Leste,TLS,"Suicide mortality rate (per 100,000 population)",SH.STA.SUIC.P5,..,..,..,..,..,..,..,..,..,..,..,..,..,..,..,..,..,..,..,..,..,..,..,..,..,..,..,..,..,..,..,..,..,..,..,..,..,..,..,..,3.6,3.6,3.4,3.4,3.1,3,2.7,2.6,2.4,3.1,3,3.2,3.3,3.3,3.4,3.5,3.6,3.6,3.6,3.7,..,..
Togo,TGO,"Suicide mortality rate (per 100,000 population)",SH.STA.SUIC.P5,..,..,..,..,..,..,..,..,..,..,..,..,..,..,..,..,..,..,..,..,..,..,..,..,..,..,..,..,..,..,..,..,..,..,..,..,..,..,..,..,10,10.3,10.4,10.7,10.8,10.7,11,10.9,10.8,10.5,10.4,10.4,10.4,10.3,10.1,9.7,9.3,9,8.7,8.8,..,..
Tonga,TON,"Suicide mortality rate (per 100,000 population)",SH.STA.SUIC.P5,..,..,..,..,..,..,..,..,..,..,..,..,..,..,..,..,..,..,..,..,..,..,..,..,..,..,..,..,..,..,..,..,..,..,..,..,..,..,..,..,4.2,4.2,4.2,4.2,4.2,4,4,4,3.9,4.3,4.6,4.5,4.5,4.6,4.6,4.6,4.1,4.2,4,3.8,..,..
Trinidad and Tobago,TTO,"Suicide mortality rate (per 100,000 population)",SH.STA.SUIC.P5,..,..,..,..,..,..,..,..,..,..,..,..,..,..,..,..,..,..,..,..,..,..,..,..,..,..,..,..,..,..,..,..,..,..,..,..,..,..,..,..,16.3,16.3,15.3,13.4,13.1,12.7,11.3,11.2,13.7,11.2,11.3,9.9,9.5,10.9,10.5,10.2,9.8,9.5,9,8.7,..,..
Tunisia,TUN,"Suicide mortality rate (per 100,000 population)",SH.STA.SUIC.P5,..,..,..,..,..,..,..,..,..,..,..,..,..,..,..,..,..,..,..,..,..,..,..,..,..,..,..,..,..,..,..,..,..,..,..,..,..,..,..,..,3.7,3.7,3.8,3.8,3.7,3.7,3.7,3.6,3.5,3.5,3.5,3.4,3.4,3.3,3.2,3.1,3.1,3.1,3.2,3.3,..,..
Turkey,TUR,"Suicide mortality rate (per 100,000 population)",SH.STA.SUIC.P5,..,..,..,..,..,..,..,..,..,..,..,..,..,..,..,..,..,..,..,..,..,..,..,..,..,..,..,..,..,..,..,..,..,..,..,..,..,..,..,..,4,3.6,3.2,3.1,3,2.8,2.7,2.5,2.4,2.4,2.4,2.2,2.2,2.3,2.3,2.3,2.3,2.3,2.3,2.4,..,..
Turkmenistan,TKM,"Suicide mortality rate (per 100,000 population)",SH.STA.SUIC.P5,..,..,..,..,..,..,..,..,..,..,..,..,..,..,..,..,..,..,..,..,..,..,..,..,..,..,..,..,..,..,..,..,..,..,..,..,..,..,..,..,12.5,13.5,14.1,14.3,14.3,15.1,15.1,13.2,11.4,9.4,8.5,7.6,7.1,7.1,6.8,6.3,6.2,5.8,5.7,5.7,..,..
Turks and Caicos Islands,TCA,"Suicide mortality rate (per 100,000 population)",SH.STA.SUIC.P5,..,..,..,..,..,..,..,..,..,..,..,..,..,..,..,..,..,..,..,..,..,..,..,..,..,..,..,..,..,..,..,..,..,..,..,..,..,..,..,..,..,..,..,..,..,..,..,..,..,..,..,..,..,..,..,..,..,..,..,..,..,..
Tuvalu,TUV,"Suicide mortality rate (per 100,000 population)",SH.STA.SUIC.P5,..,..,..,..,..,..,..,..,..,..,..,..,..,..,..,..,..,..,..,..,..,..,..,..,..,..,..,..,..,..,..,..,..,..,..,..,..,..,..,..,..,..,..,..,..,..,..,..,..,..,..,..,..,..,..,..,..,..,..,..,..,..
Uganda,UGA,"Suicide mortality rate (per 100,000 population)",SH.STA.SUIC.P5,..,..,..,..,..,..,..,..,..,..,..,..,..,..,..,..,..,..,..,..,..,..,..,..,..,..,..,..,..,..,..,..,..,..,..,..,..,..,..,..,10.2,9.8,9.4,9.4,9.5,9.7,9.4,8,7.1,6.8,6.3,6.3,5.7,5.2,4.8,4.7,4.7,4.4,4.4,4.6,..,..
Ukraine,UKR,"Suicide mortality rate (per 100,000 population)",SH.STA.SUIC.P5,..,..,..,..,..,..,..,..,..,..,..,..,..,..,..,..,..,..,..,..,..,..,..,..,..,..,..,..,..,..,..,..,..,..,..,..,..,..,..,..,39.1,36.7,36,34.5,33.8,33.8,30.8,31.5,30.9,26.3,24.5,23,23.1,22.6,24.4,21.6,21.4,20.6,21.9,21.6,..,..
United Arab Emirates,ARE,"Suicide mortality rate (per 100,000 population)",SH.STA.SUIC.P5,..,..,..,..,..,..,..,..,..,..,..,..,..,..,..,..,..,..,..,..,..,..,..,..,..,..,..,..,..,..,..,..,..,..,..,..,..,..,..,..,8.6,8.6,8,7.5,7.7,7.9,8.3,8.3,8.5,8.5,8.4,8.2,7.9,7.5,7,6.5,6,5.6,6,6.4,..,..
United Kingdom,GBR,"Suicide mortality rate (per 100,000 population)",SH.STA.SUIC.P5,..,..,..,..,..,..,..,..,..,..,..,..,..,..,..,..,..,..,..,..,..,..,..,..,..,..,..,..,..,..,..,..,..,..,..,..,..,..,..,..,8.6,8.3,8.3,7.9,8.2,7.9,7.8,7.6,8.1,8,7.8,8.3,8.2,8.8,8.6,8.8,8.5,8.2,8.1,7.9,..,..
United States,USA,"Suicide mortality rate (per 100,000 population)",SH.STA.SUIC.P5,..,..,..,..,..,..,..,..,..,..,..,..,..,..,..,..,..,..,..,..,..,..,..,..,..,..,..,..,..,..,..,..,..,..,..,..,..,..,..,..,11,11.4,11.8,11.7,11.9,11.9,12.1,12.4,12.7,12.8,13.1,13.4,13.5,13.5,14,14.4,15.1,15.9,15.7,16.1,..,..
Uruguay,URY,"Suicide mortality rate (per 100,000 population)",SH.STA.SUIC.P5,..,..,..,..,..,..,..,..,..,..,..,..,..,..,..,..,..,..,..,..,..,..,..,..,..,..,..,..,..,..,..,..,..,..,..,..,..,..,..,..,16,14.5,19.8,15.6,15.3,14.8,15.5,17.4,15.1,15,16,16.8,17.8,15.8,17.4,18.6,21.1,20.8,21.2,21.2,..,..
Uzbekistan,UZB,"Suicide mortality rate (per 100,000 population)",SH.STA.SUIC.P5,..,..,..,..,..,..,..,..,..,..,..,..,..,..,..,..,..,..,..,..,..,..,..,..,..,..,..,..,..,..,..,..,..,..,..,..,..,..,..,..,10.1,10,9.7,9,8.6,9.1,8.8,8.6,8.5,8,8.1,8.5,8.9,8.9,9,9.2,9.1,8.8,8.6,8,..,..
Vanuatu,VUT,"Suicide mortality rate (per 100,000 population)",SH.STA.SUIC.P5,..,..,..,..,..,..,..,..,..,..,..,..,..,..,..,..,..,..,..,..,..,..,..,..,..,..,..,..,..,..,..,..,..,..,..,..,..,..,..,..,19.1,18.9,19.1,19,18.6,18.2,19.2,19.1,18.9,19.8,19.5,19,19.1,18.9,18.2,18.2,18,18.1,18.1,18,..,..
"Venezuela, RB",VEN,"Suicide mortality rate (per 100,000 population)",SH.STA.SUIC.P5,..,..,..,..,..,..,..,..,..,..,..,..,..,..,..,..,..,..,..,..,..,..,..,..,..,..,..,..,..,..,..,..,..,..,..,..,..,..,..,..,5.4,5.7,5.4,4.9,4.5,4.4,3.9,3.7,3.5,3.2,3.4,3.6,3.2,2.5,2.1,2.3,2.2,2.2,2.2,2.1,..,..
Vietnam,VNM,"Suicide mortality rate (per 100,000 population)",SH.STA.SUIC.P5,..,..,..,..,..,..,..,..,..,..,..,..,..,..,..,..,..,..,..,..,..,..,..,..,..,..,..,..,..,..,..,..,..,..,..,..,..,..,..,..,6.1,6.1,6.1,6.1,6.3,6.3,6.4,6.7,6.9,6.9,7,7.2,7.4,7.5,7.6,7.7,7.7,7.7,7.6,7.5,..,..
Virgin Islands (U.S.),VIR,"Suicide mortality rate (per 100,000 population)",SH.STA.SUIC.P5,..,..,..,..,..,..,..,..,..,..,..,..,..,..,..,..,..,..,..,..,..,..,..,..,..,..,..,..,..,..,..,..,..,..,..,..,..,..,..,..,..,..,..,..,..,..,..,..,..,..,..,..,..,..,..,..,..,..,..,..,..,..
West Bank and Gaza,PSE,"Suicide mortality rate (per 100,000 population)",SH.STA.SUIC.P5,..,..,..,..,..,..,..,..,..,..,..,..,..,..,..,..,..,..,..,..,..,..,..,..,..,..,..,..,..,..,..,..,..,..,..,..,..,..,..,..,..,..,..,..,..,..,..,..,..,..,..,..,..,..,..,..,..,..,..,..,..,..
"Yemen, Rep.",YEM,"Suicide mortality rate (per 100,000 population)",SH.STA.SUIC.P5,..,..,..,..,..,..,..,..,..,..,..,..,..,..,..,..,..,..,..,..,..,..,..,..,..,..,..,..,..,..,..,..,..,..,..,..,..,..,..,..,6.1,6.1,5.9,5.9,6,5.9,5.8,5.8,6,5.9,5.7,5.6,5.7,5.7,5.7,5.5,5.7,5.6,5.9,5.8,..,..
Zambia,ZMB,"Suicide mortality rate (per 100,000 population)",SH.STA.SUIC.P5,..,..,..,..,..,..,..,..,..,..,..,..,..,..,..,..,..,..,..,..,..,..,..,..,..,..,..,..,..,..,..,..,..,..,..,..,..,..,..,..,13.3,12.4,12.1,11.6,12.2,11.9,11.7,10.3,9.7,9.8,10.1,10.3,9.4,9.1,9,8.7,8.5,8.5,8.1,7.3,..,..
Zimbabwe,ZWE,"Suicide mortality rate (per 100,000 population)",SH.STA.SUIC.P5,..,..,..,..,..,..,..,..,..,..,..,..,..,..,..,..,..,..,..,..,..,..,..,..,..,..,..,..,..,..,..,..,..,..,..,..,..,..,..,..,13.3,12.8,13.4,13.2,14.2,14,14.4,17.2,20.1,22.2,21.5,20.7,19.7,18.6,18.2,18,16.8,15,14,14.1,..,..
,,,,,,,,,,,,,,,,,,,,,,,,,,,,,,,,,,,,,,,,,,,,,,,,,,,,,,,,,,,,,,,,,
,,,,,,,,,,,,,,,,,,,,,,,,,,,,,,,,,,,,,,,,,,,,,,,,,,,,,,,,,,,,,,,,,
,,,,,,,,,,,,,,,,,,,,,,,,,,,,,,,,,,,,,,,,,,,,,,,,,,,,,,,,,,,,,,,,,
Data from database: World Development Indicators,,,,,,,,,,,,,,,,,,,,,,,,,,,,,,,,,,,,,,,,,,,,,,,,,,,,,,,,,,,,,,,,,
Last Updated: 05/25/2022,,,,,,,,,,,,,,,,,,,,,,,,,,,,,,,,,,,,,,,,,,,,,,,,,,,,,,,,,,,,,,,,,
